<?xml version="1.0" encoding="utf-8" standalone="yes" ?>
<rss version="2.0" xmlns:atom="http://www.w3.org/2005/Atom">
  <channel>
    <title>Application-performance-monitors on Pivotal Cloud Foundry Administrator</title>
    <link>/pivotal-cloud-foundry-administrator/application-performance-monitor/</link>
    <description>Recent content in Application-performance-monitors on Pivotal Cloud Foundry Administrator</description>
    <generator>Hugo -- gohugo.io</generator>
    <language>en-us</language>
    <copyright>© Copyright Pivotal. All rights reserved.</copyright>
    <lastBuildDate>Mon, 07 Mar 2016 15:49:50 -0600</lastBuildDate>
    <atom:link href="/pivotal-cloud-foundry-administrator/application-performance-monitor/index.xml" rel="self" type="application/rss+xml" />
    
    <item>
      <title>Application Performance Monitoring</title>
      <link>/pivotal-cloud-foundry-administrator/application-performance-monitor/</link>
      <pubDate>Mon, 07 Mar 2016 15:49:50 -0600</pubDate>
      
      <guid>/pivotal-cloud-foundry-administrator/application-performance-monitor/</guid>
      <description>

&lt;p&gt;Estimated Time: 25 minutes&lt;/p&gt;

&lt;h1 id=&#34;requirements&#34;&gt;Requirements&lt;/h1&gt;

&lt;p&gt;&lt;a href=&#34;../requirements&#34;&gt;Lab Requirements&lt;/a&gt;&lt;/p&gt;

&lt;h1 id=&#34;what-you-will-learn&#34;&gt;What you will learn&lt;/h1&gt;

&lt;ul&gt;
&lt;li&gt;How to use an APM service&lt;/li&gt;
&lt;/ul&gt;

&lt;h1 id=&#34;exercises&#34;&gt;Exercises&lt;/h1&gt;

&lt;h2 id=&#34;setup&#34;&gt;Setup&lt;/h2&gt;

&lt;p&gt;1) APM solutions cause applications to consume more memory.  Increase the memory limit for each application.&lt;/p&gt;

&lt;pre&gt;&lt;code&gt;$ cf scale articulate -m 1G -i 1
$ cf scale attendee-service -m 1G -i 1
&lt;/code&gt;&lt;/pre&gt;

&lt;h2 id=&#34;provision-a-new-relic-service-instance&#34;&gt;Provision a New Relic Service Instance&lt;/h2&gt;

&lt;p&gt;Read the documentation on &lt;a href=https://github.com/cloudfoundry/java-buildpack/blob/master/docs/framework-new_relic_agent.md target=&#34;_blank&#34;&gt;New Relic integration&lt;/a&gt; with the Java Buildpack.&lt;/p&gt;

&lt;h3 id=&#34;pivotal-cloud-foundry-instructions&#34;&gt;Pivotal Cloud Foundry Instructions&lt;/h3&gt;

&lt;p&gt;Follow these instructions if using &lt;em&gt;Pivotal Cloud Foundry&lt;/em&gt;.  If using &lt;em&gt;Pivotal Web Services&lt;/em&gt; then skip this section.&lt;/p&gt;

&lt;p&gt;1) Signup for a &lt;a href=http://newrelic.com/signup?funnel=pivotal-cloud-foundry&amp;partner=Pivotal+Cloud+Foundry&amp;product_id=Standard&amp;promo_code=PVCF60PRO target=&#34;_blank&#34;&gt;60 day free trial license&lt;/a&gt; with New Relic.&lt;/p&gt;

&lt;p&gt;2) Obtain &lt;code&gt;license key&lt;/code&gt;.&lt;/p&gt;

&lt;p&gt;This can be found under &lt;code&gt;Account Settings&lt;/code&gt; from the drop down menu in the upper right corner of the page.&lt;/p&gt;

&lt;p&gt;3) Create a user provided service instance.  This will create an interactive prompt.&lt;/p&gt;

&lt;pre&gt;&lt;code&gt;$ cf create-user-provided-service newrelic -p license_key
&lt;/code&gt;&lt;/pre&gt;

&lt;h3 id=&#34;pivotal-web-services-instructions&#34;&gt;Pivotal Web Services Instructions&lt;/h3&gt;

&lt;p&gt;Follow these instructions if using &lt;em&gt;Pivotal Web Services&lt;/em&gt;.  If using &lt;em&gt;Pivotal Cloud Foundry&lt;/em&gt; then skip this section.&lt;/p&gt;

&lt;p&gt;1) Create a New Relic Service instance.&lt;/p&gt;

&lt;pre&gt;&lt;code&gt;$ cf create-service newrelic standard newrelic
&lt;/code&gt;&lt;/pre&gt;

&lt;h2 id=&#34;bind-the-new-relic-service-instance&#34;&gt;Bind the New Relic Service Instance&lt;/h2&gt;

&lt;p&gt;1) Bind the &lt;code&gt;newrelic&lt;/code&gt; service instance to &lt;code&gt;articulate&lt;/code&gt;.&lt;/p&gt;

&lt;pre&gt;&lt;code&gt;$ cf bind-service articulate newrelic
&lt;/code&gt;&lt;/pre&gt;

&lt;p&gt;2) Restage &lt;code&gt;articulate&lt;/code&gt;.&lt;/p&gt;

&lt;pre&gt;&lt;code&gt;$ cf restage articulate
&lt;/code&gt;&lt;/pre&gt;

&lt;p&gt;3) Bind the &lt;code&gt;newrelic&lt;/code&gt; service instance to &lt;code&gt;attendee-service&lt;/code&gt;.&lt;/p&gt;

&lt;pre&gt;&lt;code&gt;$ cf bind-service attendee-service newrelic
&lt;/code&gt;&lt;/pre&gt;

&lt;p&gt;4) Restage &lt;code&gt;attendee-service&lt;/code&gt;.&lt;/p&gt;

&lt;pre&gt;&lt;code&gt;$ cf restage attendee-service
&lt;/code&gt;&lt;/pre&gt;

&lt;h3 id=&#34;questions&#34;&gt;Questions&lt;/h3&gt;

&lt;ul&gt;
&lt;li&gt;Why must &lt;code&gt;articulate&lt;/code&gt; &amp;amp; &lt;code&gt;attendee-service&lt;/code&gt; be restaged as oppose to restarted?&lt;/li&gt;
&lt;/ul&gt;

&lt;h2 id=&#34;create-some-web-traffic-and-view-in-new-relic&#34;&gt;Create Some Web Traffic and View in New Relic&lt;/h2&gt;

&lt;p&gt;1) Refresh the &lt;code&gt;articulate&lt;/code&gt; &lt;code&gt;Service&lt;/code&gt; web page multiple times.&lt;/p&gt;

&lt;p&gt;Optionally use the JMeter script from the &lt;a href=&#34;../application-auto-scaler&#34;&gt;Application Autoscaler lab&lt;/a&gt;.&lt;/p&gt;

&lt;p&gt;2) Observe and explore the performance metrics in the New Relic console under the &lt;code&gt;APM&lt;/code&gt; tab.&lt;/p&gt;

&lt;p&gt;&lt;em&gt;Pivotal Web Services&lt;/em&gt; users can access the New Relic console via the &lt;code&gt;Manage&lt;/code&gt; link in Apps Manager:
&lt;img src=&#34;../resources/images/application-performance-monitor-manage.png&#34; alt=&#34;Apps Manager&#34; /&gt;&lt;/p&gt;

&lt;p&gt;&lt;code&gt;articulate&lt;/code&gt;:
&lt;img src=&#34;../resources/images/application-performance-monitor-articulate.png&#34; alt=&#34;Articulate&#34; title=&#34;Articulate&#34; /&gt;&lt;/p&gt;

&lt;p&gt;&lt;code&gt;attendee-service&lt;/code&gt;:
&lt;img src=&#34;../resources/images/application-performance-monitor-attendee_service.png&#34; alt=&#34;Attendee Service&#34; title=&#34;Attendee Service&#34; /&gt;&lt;/p&gt;

&lt;h2 id=&#34;clean-up&#34;&gt;Clean up&lt;/h2&gt;

&lt;p&gt;1) Unbind &lt;code&gt;newrelic&lt;/code&gt; service instance.&lt;/p&gt;

&lt;pre&gt;&lt;code&gt;$ cf unbind-service articulate newrelic
$ cf unbind-service attendee-service newrelic
&lt;/code&gt;&lt;/pre&gt;

&lt;p&gt;2) Delete &lt;code&gt;newrelic&lt;/code&gt; service instance.&lt;/p&gt;

&lt;pre&gt;&lt;code&gt;$ cf delete-service newrelic
&lt;/code&gt;&lt;/pre&gt;

&lt;p&gt;3) Scale back down to our original settings.&lt;/p&gt;

&lt;pre&gt;&lt;code&gt;$ cf scale articulate -m 512M -i 1
$ cf scale attendee-service -m 512M -i 1
&lt;/code&gt;&lt;/pre&gt;

&lt;p&gt;4) Restage applications.&lt;/p&gt;

&lt;pre&gt;&lt;code&gt;$ cf restage articulate
$ cf restage attendee-service
&lt;/code&gt;&lt;/pre&gt;

&lt;h2 id=&#34;questions-1&#34;&gt;Questions&lt;/h2&gt;

&lt;ul&gt;
&lt;li&gt;How do you manage APM tools today?  How is this different?&lt;/li&gt;
&lt;/ul&gt;

&lt;h1 id=&#34;beyond-the-class&#34;&gt;Beyond the Class&lt;/h1&gt;

&lt;p&gt;Pivotal Cloud Foundry offers a marketplace experience with both &lt;a href=https://docs.pivotal.io/newrelic/index.html target=&#34;_blank&#34;&gt;New Relic&lt;/a&gt; and &lt;a href=https://docs.pivotal.io/appdynamics/index.html target=&#34;_blank&#34;&gt;App Dynamics&lt;/a&gt;.  Try it with your Pivotal Cloud Foundry installation.&lt;/p&gt;
</description>
    </item>
    
    <item>
      <title>Instructor Notes</title>
      <link>/pivotal-cloud-foundry-administrator/application-performance-monitor/notes/</link>
      <pubDate>Mon, 07 Mar 2016 15:49:50 -0600</pubDate>
      
      <guid>/pivotal-cloud-foundry-administrator/application-performance-monitor/notes/</guid>
      <description>

&lt;h1 id=&#34;questions&#34;&gt;Questions&lt;/h1&gt;

&lt;p&gt;After completing the lab recap as a class the following questions:&lt;/p&gt;

&lt;h2 id=&#34;general-discussion-questions&#34;&gt;General Discussion Questions&lt;/h2&gt;

&lt;h2 id=&#34;questions-from-the-lab&#34;&gt;Questions From the Lab&lt;/h2&gt;

&lt;p&gt;&lt;strong&gt;Q:&lt;/strong&gt; &lt;em&gt;Why must articulate &amp;amp; attendee-service be restaged as oppose to restarted?&lt;/em&gt;&lt;br&gt;
&lt;strong&gt;A:&lt;/strong&gt; The droplet must be recreated to include the New Relic dependency.&lt;/p&gt;

&lt;p&gt;&lt;strong&gt;Q:&lt;/strong&gt; &lt;em&gt;How do you manage APM tools today? How is this different?&lt;/em&gt;&lt;br&gt;
&lt;strong&gt;A:&lt;/strong&gt; Open discussion, trying to highlight the value of the platform.&lt;/p&gt;

&lt;h1 id=&#34;troubleshooting&#34;&gt;Troubleshooting&lt;/h1&gt;

&lt;p&gt;Troubleshooting guidance for the lab that instructors need to know.&lt;/p&gt;

&lt;h1 id=&#34;feedback&#34;&gt;Feedback&lt;/h1&gt;

&lt;p&gt;Please keep track of all types of feedback, so that we can make this module great.  That includes questions that students may ask that we should be answering up front, lab corrections/improvements, etc.&lt;/p&gt;

&lt;p&gt;Submit feedback to: &lt;a href=&#34;mailto:pcf-administrator-instructor-feedback@pivotal.io&#34;&gt;pcf-administrator-instructor-feedback@pivotal.io&lt;/a&gt;&lt;/p&gt;
</description>
    </item>
    
  </channel>
</rss>