<?xml version="1.0" encoding="utf-8" standalone="yes" ?>
<rss version="2.0" xmlns:atom="http://www.w3.org/2005/Atom">
  <channel>
    <title>Install-ops-managers on Pivotal Cloud Foundry Administrator</title>
    <link>/pivotal-cloud-foundry-administrator/install-ops-manager/</link>
    <description>Recent content in Install-ops-managers on Pivotal Cloud Foundry Administrator</description>
    <generator>Hugo -- gohugo.io</generator>
    <language>en-us</language>
    <copyright>© Copyright Pivotal. All rights reserved.</copyright>
    <lastBuildDate>Wed, 20 Jul 2016 09:18:50 -0500</lastBuildDate>
    <atom:link href="/pivotal-cloud-foundry-administrator/install-ops-manager/index.xml" rel="self" type="application/rss+xml" />
    
    <item>
      <title>Install Ops Manager</title>
      <link>/pivotal-cloud-foundry-administrator/install-ops-manager/</link>
      <pubDate>Wed, 20 Jul 2016 09:18:50 -0500</pubDate>
      
      <guid>/pivotal-cloud-foundry-administrator/install-ops-manager/</guid>
      <description>

&lt;p&gt;Estimated time: 60 minutes&lt;/p&gt;

&lt;h1 id=&#34;requirements&#34;&gt;Requirements&lt;/h1&gt;

&lt;p&gt;&lt;a href=&#34;../requirements&#34;&gt;Lab Requirements&lt;/a&gt;&lt;/p&gt;

&lt;h1 id=&#34;what-you-will-learn&#34;&gt;What you will learn&lt;/h1&gt;

&lt;ul&gt;
&lt;li&gt;How to install Ops Manager&lt;/li&gt;
&lt;li&gt;How to install Ops Manager Director&lt;/li&gt;
&lt;/ul&gt;

&lt;h1 id=&#34;exercises&#34;&gt;Exercises&lt;/h1&gt;

&lt;ul&gt;
&lt;li&gt;Each student should pair up with another student to complete the remaining labs in the course.&lt;/li&gt;
&lt;li&gt;From this point forward you should use your own PCF environment (which you will begin to install in this lab) for the lab exercises.&lt;/li&gt;
&lt;li&gt;You will need to refer to three sources of information:

&lt;ul&gt;
&lt;li&gt;These labs&lt;/li&gt;
&lt;li&gt;Instructor provided information for your pair, including a
password, IP addresses, and other environment-specific values.  Whenever you are prompted to create a new password during the installation,
&lt;em&gt;copy and paste the one provided by your instructor&lt;/em&gt; to facilitate troubleshooting&lt;/li&gt;
&lt;li&gt;Online documentation&lt;/li&gt;
&lt;/ul&gt;&lt;/li&gt;
&lt;/ul&gt;

&lt;p&gt;If unsure, please ask your instructor.&lt;/p&gt;

&lt;p&gt;&lt;strong&gt;Note&lt;/strong&gt; you will be using configuration values that are specific to your environment &amp;ndash; be sure you are using those values and not the values from the previous labs.&lt;/p&gt;

&lt;p&gt;To learn more about vSphere environment requirements for installing Pivotal Cloud Foundry, go &lt;a href=&#34;https://docs.pivotal.io/pivotalcf/customizing/vsphere.html&#34; target=&#34;_blank&#34;&gt;here&lt;/a&gt;.&lt;/p&gt;

&lt;h3 id=&#34;network&#34;&gt;Network&lt;/h3&gt;

&lt;p&gt;Each environment number ([NN]) has its own network, 10.193.[envSpecific octet].x, that has access to the following virtual machines (&lt;strong&gt;do not&lt;/strong&gt; delete these machines):&lt;/p&gt;

&lt;ul&gt;
&lt;li&gt;Windows Jumpbox (win-env[NN]) An MS Windows VM that you will use to do the installation.  It is running
Windows because the vCenter client is only available as a Windows
application. It also has a few other utilities on it such as PuTTY (Windows ssh client).&lt;/li&gt;
&lt;li&gt;Ubuntu Jumpbox (l-env[NN]) - a vanilla Ubuntu install for use in the labs&lt;/li&gt;
&lt;li&gt;JMX Bridge Datadog Agent - (l-datadog-env[NN]) a vanilla Ubuntu install for use in the labs&lt;/li&gt;
&lt;/ul&gt;

&lt;h3 id=&#34;credentials-and-environment-specific-information&#34;&gt;Credentials and environment specific information&lt;/h3&gt;

&lt;p&gt;Credentials for accessing the different parts of the environment and environment specific settings will be provided by your instructor separately.&lt;/p&gt;

&lt;p&gt;&lt;strong&gt;You will be given a password by your instructor.  Unless otherwise specified in the instructions, USE THIS PASSWORD. DO NOT CHANGE IT.&lt;/strong&gt;&lt;/p&gt;

&lt;h3 id=&#34;installation-files&#34;&gt;Installation Files&lt;/h3&gt;

&lt;p&gt;Installation files used throughout the course are in a folder called &lt;code&gt;student-files&lt;/code&gt; on the Desktop of the Windows Jumpbox.  Do not download files as all files are already provided.&lt;/p&gt;

&lt;h2 id=&#34;installing-the-pivotal-cloud-foundry-ops-manager&#34;&gt;Installing the Pivotal Cloud Foundry Ops Manager&lt;/h2&gt;

&lt;p&gt;1) Review the &lt;a target=&#34;_blank&#34; href=&#34;http://docs.pivotal.io/pivotalcf/customizing/requirements.html&#34;&gt;prerequisites&lt;/a&gt; document.&lt;/p&gt;

&lt;ul&gt;
&lt;li&gt;Note that prerequisites have already been verified by the instructors for you.&lt;/li&gt;
&lt;li&gt;vCenter has been installed and configured.&lt;/li&gt;
&lt;li&gt;A network, datacenter, and cluster have already been created for you.&lt;/li&gt;
&lt;li&gt;You can connect to the Windows Jumpbox via Remote Desktop using the Windows Jumpbox IP value provided by your instructor.

&lt;ul&gt;
&lt;li&gt;If your PC/laptop is running MS Windows, Remote Desktop will be installed already.&lt;/li&gt;
&lt;li&gt;MacOS: &lt;a target=&#34;_blank&#34; href=&#34;https://itunes.apple.com/us/app/microsoft-remote-desktop/id715768417?mt=12&#34;&gt;Remote Desktop for Mac&lt;/a&gt;&lt;/li&gt;
&lt;li&gt;Linux: Open-source Remote Desktop client called &amp;ldquo;Remmina&amp;rdquo;.  You can launch it from a terminal window:&lt;/li&gt;
&lt;/ul&gt;&lt;/li&gt;
&lt;/ul&gt;

&lt;pre&gt;&lt;code&gt;$ remmina
&lt;/code&gt;&lt;/pre&gt;

&lt;p&gt;2) From your Windows Jumpbox, use the vSphere client to connect to your vSphere instance
(double-click on the green and yellow vSphere icon on the left side of the Desktop.  The following instructions are based on the &lt;a target=&#34;_blank&#34; href=&#34;http://docs.pivotal.io/pivotalcf/customizing/deploying-vm.html&#34;&gt;Deploying Ops Manager to vSphere&lt;/a&gt; guide.&lt;/p&gt;

&lt;p&gt;3) In your vSphere client, select the view for &lt;code&gt;VMs and templates&lt;/code&gt;.  In the left panel, right click on the &lt;code&gt;Datacenter&lt;/code&gt;, and create a new folder specific to your environment, &lt;code&gt;env[NN]&lt;/code&gt;&lt;/p&gt;

&lt;p&gt;&lt;img src=&#34;../resources/images/opsman-install-make-folder.png&#34; alt=&#34;Make folder&#34; /&gt;
&lt;br&gt;
&lt;br&gt;
&lt;br&gt;
&lt;img src=&#34;../resources/images/opsman-install-make-folder-2.png&#34; alt=&#34;Make folder&#34; /&gt;&lt;/p&gt;

&lt;p&gt;4) Make sure &lt;code&gt;Datacenter&lt;/code&gt; (and not your folder) is selected in the left panel.&lt;/p&gt;

&lt;p&gt;In the vSphere client, select &lt;code&gt;File&lt;/code&gt; → &lt;code&gt;Deploy OVF template&lt;/code&gt;.  This will launch a deployment wizard.  &lt;strong&gt;&lt;em&gt;NOTE:&lt;/em&gt;&lt;/strong&gt; Make sure to select the &lt;strong&gt;earliest&lt;/strong&gt; version of the Ops Manager appliance to deploy (&lt;code&gt;*.ova&lt;/code&gt;) from the &lt;code&gt;student-files&lt;/code&gt; folder on the desktop.  Failure to do so will cause you problems when executing the upgrade labs later on in the course.&lt;/p&gt;

&lt;p&gt;&lt;img src=&#34;../resources/images/select-ova-file.png&#34; alt=&#34;Deployment wizard&#34; /&gt;&lt;/p&gt;

&lt;p&gt;5) From the &lt;code&gt;Name and location&lt;/code&gt; view, expand &lt;code&gt;Datacenter&lt;/code&gt; and select the environment specific folder you created, &lt;code&gt;env[NN]&lt;/code&gt;.&lt;/p&gt;

&lt;p&gt;&lt;img src=&#34;../resources/images/vsphere-select-folder.png&#34; alt=&#34;Select folder&#34; /&gt;&lt;/p&gt;

&lt;p&gt;6) From the &lt;code&gt;Host and Cluster&lt;/code&gt; view, select &lt;code&gt;Cluster&lt;/code&gt;.&lt;/p&gt;

&lt;p&gt;7) In the &lt;code&gt;Resource Pool&lt;/code&gt; view, select the resource pool specific to your environment, RP[NN]. Be sure you have &lt;strong&gt;selected&lt;/strong&gt; your resource pool by &lt;strong&gt;highlighting it&lt;/strong&gt; before clicking &lt;code&gt;Next&lt;/code&gt;.&lt;/p&gt;

&lt;p&gt;&lt;img src=&#34;../resources/images/select-resource-pool.png&#34; alt=&#34;Select resource pool&#34; /&gt;&lt;/p&gt;

&lt;p&gt;8) In the subsequent views, enter the following values (if a value is not specified, accept the defaults).&lt;/p&gt;

&lt;p&gt;&lt;strong&gt;&lt;em&gt;NOTE:&lt;/em&gt;&lt;/strong&gt; Before creating the Ops Mgr VM &lt;strong&gt;get your instructor to validate your settings&lt;/strong&gt;.  Also be sure you &lt;strong&gt;check the &lt;code&gt;Power on after deployment&lt;/code&gt; checkbox before clicking &lt;code&gt;Finish&lt;/code&gt;&lt;/strong&gt;.  The deployment takes a few minutes.&lt;/p&gt;

&lt;table&gt;
&lt;thead&gt;
&lt;tr&gt;
&lt;th align=&#34;left&#34;&gt;Field&lt;/th&gt;
&lt;th align=&#34;left&#34;&gt;Value&lt;/th&gt;
&lt;/tr&gt;
&lt;/thead&gt;

&lt;tbody&gt;
&lt;tr&gt;
&lt;td align=&#34;left&#34;&gt;Datastore&lt;/td&gt;
&lt;td align=&#34;left&#34;&gt;LUN01&lt;/td&gt;
&lt;/tr&gt;

&lt;tr&gt;
&lt;td align=&#34;left&#34;&gt;Disk Format&lt;/td&gt;
&lt;td align=&#34;left&#34;&gt;Thin Provision&lt;/td&gt;
&lt;/tr&gt;

&lt;tr&gt;
&lt;td align=&#34;left&#34;&gt;Destination Network&lt;/td&gt;
&lt;td align=&#34;left&#34;&gt;env&lt;a href=&#34;choose from the dropdown&#34;&gt;NN&lt;/a&gt;&lt;/td&gt;
&lt;/tr&gt;

&lt;tr&gt;
&lt;td align=&#34;left&#34;&gt;IP Address&lt;/td&gt;
&lt;td align=&#34;left&#34;&gt;10.193.[envSpecific octet].6&lt;/td&gt;
&lt;/tr&gt;

&lt;tr&gt;
&lt;td align=&#34;left&#34;&gt;Netmask&lt;/td&gt;
&lt;td align=&#34;left&#34;&gt;255.255.255.0&lt;/td&gt;
&lt;/tr&gt;

&lt;tr&gt;
&lt;td align=&#34;left&#34;&gt;Gateway&lt;/td&gt;
&lt;td align=&#34;left&#34;&gt;10.193.[envSpecific octet].1&lt;/td&gt;
&lt;/tr&gt;

&lt;tr&gt;
&lt;td align=&#34;left&#34;&gt;DNS Name&lt;/td&gt;
&lt;td align=&#34;left&#34;&gt;10.193.135.2&lt;/td&gt;
&lt;/tr&gt;

&lt;tr&gt;
&lt;td align=&#34;left&#34;&gt;NTP&lt;/td&gt;
&lt;td align=&#34;left&#34;&gt;10.193.135.2&lt;/td&gt;
&lt;/tr&gt;

&lt;tr&gt;
&lt;td align=&#34;left&#34;&gt;Admin Pwd&lt;/td&gt;
&lt;td align=&#34;left&#34;&gt;(provided by your instructor)&lt;/td&gt;
&lt;/tr&gt;
&lt;/tbody&gt;
&lt;/table&gt;

&lt;p&gt;9) Once the VM is deployed and running, browse to Ops Manager by going to
opsmgr-[NN].haas-66.pez.pivotal.io in a browser &lt;em&gt;from the JumpBox&lt;/em&gt;.  You must use the FQDN (DO NOT navigate to the IP)&lt;/p&gt;

&lt;p&gt;&lt;strong&gt;&lt;em&gt;NOTE:&lt;/em&gt;&lt;/strong&gt; If you get a &lt;code&gt;502 Bad Gateway&lt;/code&gt;, wait a bit and refresh the page.&lt;/p&gt;

&lt;p&gt;10) Select the &lt;code&gt;Internal Authentication&lt;/code&gt; option.&lt;/p&gt;

&lt;p&gt;&lt;img src=&#34;../resources/images/authentication-system.png&#34; alt=&#34;Authentication System&#34; /&gt;&lt;/p&gt;

&lt;p&gt;11) Fill in the authentication details.&lt;/p&gt;

&lt;ul&gt;
&lt;li&gt;Create a username of &lt;code&gt;admin&lt;/code&gt; and &lt;strong&gt;use the password provided by your instructor as both the password and the decyrption passphrase&lt;/strong&gt;.&lt;/li&gt;
&lt;li&gt;Agree to the EULA.&lt;/li&gt;
&lt;li&gt;Click &lt;code&gt;Setup Authentication&lt;/code&gt;.  Setup takes a few moments.&lt;/li&gt;
&lt;/ul&gt;

&lt;p&gt;&lt;img src=&#34;../resources/images/authentication-details.png&#34; alt=&#34;Authentication System&#34; /&gt;&lt;/p&gt;

&lt;h2 id=&#34;configuring-ops-manager-director&#34;&gt;Configuring Ops Manager Director&lt;/h2&gt;

&lt;p&gt;1) Review the &lt;a target=&#34;_blank&#34; href=&#34;http://docs.pivotal.io/pivotalcf/customizing/vsphere-config.html&#34;&gt;Configuring Ops Manager Director for VMware vSphere&lt;/a&gt; documentation.&lt;/p&gt;

&lt;p&gt;2) Log into Ops Manager.&lt;/p&gt;

&lt;p&gt;After logging in you should see a screen that looks like this:&lt;/p&gt;

&lt;p&gt;&lt;img src=&#34;../resources/images/orange-director.png&#34; alt=&#34;Orange Director&#34; /&gt;&lt;/p&gt;

&lt;p&gt;3) In Ops Manager, click on the &lt;code&gt;Ops Manager Director&lt;/code&gt; tile (which should be orange).  This will take you to the &lt;code&gt;vCenter Config&lt;/code&gt; section of the tile.&lt;/p&gt;

&lt;p&gt;&lt;img src=&#34;../resources/images/vcenter-config.png&#34; alt=&#34;vCenter Config&#34; /&gt;&lt;/p&gt;

&lt;p&gt;Entering the following values for the specified fields, and accepting defaults for all other fields.  Then click &lt;code&gt;Save&lt;/code&gt;.&lt;/p&gt;

&lt;table&gt;
&lt;thead&gt;
&lt;tr&gt;
&lt;th align=&#34;left&#34;&gt;Field&lt;/th&gt;
&lt;th align=&#34;left&#34;&gt;Value&lt;/th&gt;
&lt;/tr&gt;
&lt;/thead&gt;

&lt;tbody&gt;
&lt;tr&gt;
&lt;td align=&#34;left&#34;&gt;vCenter Host&lt;/td&gt;
&lt;td align=&#34;left&#34;&gt;10.193.135.13&lt;/td&gt;
&lt;/tr&gt;

&lt;tr&gt;
&lt;td align=&#34;left&#34;&gt;vCenter Username&lt;/td&gt;
&lt;td align=&#34;left&#34;&gt;(provided by your instructor)&lt;/td&gt;
&lt;/tr&gt;

&lt;tr&gt;
&lt;td align=&#34;left&#34;&gt;vCenter Password&lt;/td&gt;
&lt;td align=&#34;left&#34;&gt;(provided by your instructor)&lt;/td&gt;
&lt;/tr&gt;

&lt;tr&gt;
&lt;td align=&#34;left&#34;&gt;Datacenter&lt;/td&gt;
&lt;td align=&#34;left&#34;&gt;Datacenter&lt;/td&gt;
&lt;/tr&gt;

&lt;tr&gt;
&lt;td align=&#34;left&#34;&gt;Ephemeral Datastore Names&lt;/td&gt;
&lt;td align=&#34;left&#34;&gt;LUN01&lt;/td&gt;
&lt;/tr&gt;

&lt;tr&gt;
&lt;td align=&#34;left&#34;&gt;Persistant Datastore Names&lt;/td&gt;
&lt;td align=&#34;left&#34;&gt;LUN01&lt;/td&gt;
&lt;/tr&gt;

&lt;tr&gt;
&lt;td align=&#34;left&#34;&gt;VM Folder&lt;/td&gt;
&lt;td align=&#34;left&#34;&gt;env[NN]_vms&lt;/td&gt;
&lt;/tr&gt;

&lt;tr&gt;
&lt;td align=&#34;left&#34;&gt;Templates Folder&lt;/td&gt;
&lt;td align=&#34;left&#34;&gt;env[NN]_templates&lt;/td&gt;
&lt;/tr&gt;

&lt;tr&gt;
&lt;td align=&#34;left&#34;&gt;VM Disk Path&lt;/td&gt;
&lt;td align=&#34;left&#34;&gt;env[NN]_disk&lt;/td&gt;
&lt;/tr&gt;
&lt;/tbody&gt;
&lt;/table&gt;

&lt;p&gt;&lt;strong&gt;&lt;em&gt;NOTE:&lt;/em&gt;&lt;/strong&gt; Because we are resource constrained, we will not be taking advantage of the following: Availability Zones, Multiple Networks, Multiple Datastores.  However, you must still configure each in Ops Manager.&lt;/p&gt;

&lt;p&gt;&lt;strong&gt;Question&lt;/strong&gt; What do these vCenter configuration parameters enable the Ops Manager director to do?&lt;/p&gt;

&lt;p&gt;4) Browse to the &lt;code&gt;Director Config&lt;/code&gt; section (left margin).&lt;/p&gt;

&lt;p&gt;&lt;img src=&#34;../resources/images/director-config.png&#34; alt=&#34;Director Config&#34; /&gt;&lt;/p&gt;

&lt;p&gt;Entering the following values for the specified fields, and accepting defaults for all other fields.  Then click &lt;code&gt;Save&lt;/code&gt;.&lt;/p&gt;

&lt;table&gt;
&lt;thead&gt;
&lt;tr&gt;
&lt;th align=&#34;left&#34;&gt;Field&lt;/th&gt;
&lt;th align=&#34;left&#34;&gt;Value&lt;/th&gt;
&lt;/tr&gt;
&lt;/thead&gt;

&lt;tbody&gt;
&lt;tr&gt;
&lt;td align=&#34;left&#34;&gt;NTP&lt;/td&gt;
&lt;td align=&#34;left&#34;&gt;10.193.135.2&lt;/td&gt;
&lt;/tr&gt;

&lt;tr&gt;
&lt;td align=&#34;left&#34;&gt;Enable VM Resurrector Plugin&lt;/td&gt;
&lt;td align=&#34;left&#34;&gt;Checked&lt;/td&gt;
&lt;/tr&gt;
&lt;/tbody&gt;
&lt;/table&gt;

&lt;p&gt;5) Review &lt;a href=&#34;https://docs.pivotal.io/pivotalcf/customizing/understand-az.html&#34; target=&#34;_blank&#34;&gt;availability zones&lt;/a&gt;. Browse to the &lt;code&gt;Create Availability Zones&lt;/code&gt; section (left margin).&lt;/p&gt;

&lt;p&gt;&lt;img src=&#34;../resources/images/create-availability-zones.png&#34; alt=&#34;Create Availability Zones&#34; /&gt;&lt;/p&gt;

&lt;p&gt;Due to resource constraints, we have a single cluster called &lt;code&gt;Cluster&lt;/code&gt;. Create a single AZ mapped to this cluster.  Click &lt;code&gt;Add&lt;/code&gt;.&lt;/p&gt;

&lt;p&gt;Enter the following values for the specified fields, and accept defaults for all other fields.  Then click &lt;code&gt;Save&lt;/code&gt;.&lt;/p&gt;

&lt;table&gt;
&lt;thead&gt;
&lt;tr&gt;
&lt;th align=&#34;left&#34;&gt;Field&lt;/th&gt;
&lt;th align=&#34;left&#34;&gt;Value&lt;/th&gt;
&lt;/tr&gt;
&lt;/thead&gt;

&lt;tbody&gt;
&lt;tr&gt;
&lt;td align=&#34;left&#34;&gt;Name&lt;/td&gt;
&lt;td align=&#34;left&#34;&gt;az1&lt;/td&gt;
&lt;/tr&gt;

&lt;tr&gt;
&lt;td align=&#34;left&#34;&gt;Cluster&lt;/td&gt;
&lt;td align=&#34;left&#34;&gt;Cluster&lt;/td&gt;
&lt;/tr&gt;

&lt;tr&gt;
&lt;td align=&#34;left&#34;&gt;Resource Pool&lt;/td&gt;
&lt;td align=&#34;left&#34;&gt;RP[NN]&lt;/td&gt;
&lt;/tr&gt;
&lt;/tbody&gt;
&lt;/table&gt;

&lt;p&gt;&lt;strong&gt;Question&lt;/strong&gt; According to the documentation of AZs, how many availability zones &lt;em&gt;should&lt;/em&gt; you create? Why?&lt;/p&gt;

&lt;p&gt;6) Browse to the &lt;code&gt;Create Networks&lt;/code&gt; section (left margin).&lt;/p&gt;

&lt;ol&gt;
&lt;li&gt;Disable &lt;code&gt;ICMP Checks&lt;/code&gt; by deselecting the box.&lt;/li&gt;
&lt;li&gt;Create a network mapped to the vSphere network by clicking&lt;code&gt;Add Network&lt;/code&gt;.&lt;/li&gt;
&lt;/ol&gt;

&lt;p&gt;&lt;img src=&#34;../resources/images/create-networks.png&#34; alt=&#34;Create Networks&#34; /&gt;&lt;/p&gt;

&lt;p&gt;Your vSphere environment is pre-configured with one network due to resource constraints. Entering the following values for the specified fields, and accepting defaults for all other fields.  Then click &lt;code&gt;Save&lt;/code&gt;.&lt;/p&gt;

&lt;table&gt;
&lt;thead&gt;
&lt;tr&gt;
&lt;th align=&#34;left&#34;&gt;Field&lt;/th&gt;
&lt;th align=&#34;left&#34;&gt;Value&lt;/th&gt;
&lt;/tr&gt;
&lt;/thead&gt;

&lt;tbody&gt;
&lt;tr&gt;
&lt;td align=&#34;left&#34;&gt;Name&lt;/td&gt;
&lt;td align=&#34;left&#34;&gt;LAN&lt;/td&gt;
&lt;/tr&gt;

&lt;tr&gt;
&lt;td align=&#34;left&#34;&gt;vSphere Network Name&lt;/td&gt;
&lt;td align=&#34;left&#34;&gt;env[NN]&lt;/td&gt;
&lt;/tr&gt;

&lt;tr&gt;
&lt;td align=&#34;left&#34;&gt;CIDR&lt;/td&gt;
&lt;td align=&#34;left&#34;&gt;10.193.[envSpecific octet].0/24&lt;/td&gt;
&lt;/tr&gt;

&lt;tr&gt;
&lt;td align=&#34;left&#34;&gt;Reserved IP Ranges&lt;/td&gt;
&lt;td align=&#34;left&#34;&gt;10.193.[envSpecific octet].1-10.193.[envSpecific octet].30,10.193.[envSpecific octet].150-10.193.[envSpecific octet].249,10.193.[envSpecific octet].251-10.193.[envSpecific octet].255&lt;/td&gt;
&lt;/tr&gt;

&lt;tr&gt;
&lt;td align=&#34;left&#34;&gt;DNS&lt;/td&gt;
&lt;td align=&#34;left&#34;&gt;10.193.135.2&lt;/td&gt;
&lt;/tr&gt;

&lt;tr&gt;
&lt;td align=&#34;left&#34;&gt;Gateway&lt;/td&gt;
&lt;td align=&#34;left&#34;&gt;10.193.[envSpecific octet].1&lt;/td&gt;
&lt;/tr&gt;

&lt;tr&gt;
&lt;td align=&#34;left&#34;&gt;Availability Zones&lt;/td&gt;
&lt;td align=&#34;left&#34;&gt;az1&lt;/td&gt;
&lt;/tr&gt;
&lt;/tbody&gt;
&lt;/table&gt;

&lt;p&gt;7) Browse to the &lt;code&gt;Assign AZs and Networks&lt;/code&gt; section (left margin).&lt;/p&gt;

&lt;p&gt;&lt;img src=&#34;../resources/images/assign-azs-networks.png&#34; alt=&#34;Assign AZs and Networks&#34; /&gt;&lt;/p&gt;

&lt;p&gt;Entering the following values for the specified fields, and accepting defaults for all other fields.  Then click &lt;code&gt;Save&lt;/code&gt;.&lt;/p&gt;

&lt;table&gt;
&lt;thead&gt;
&lt;tr&gt;
&lt;th align=&#34;left&#34;&gt;Field&lt;/th&gt;
&lt;th align=&#34;left&#34;&gt;Value&lt;/th&gt;
&lt;/tr&gt;
&lt;/thead&gt;

&lt;tbody&gt;
&lt;tr&gt;
&lt;td align=&#34;left&#34;&gt;Singleton Availbility Zone&lt;/td&gt;
&lt;td align=&#34;left&#34;&gt;az1&lt;/td&gt;
&lt;/tr&gt;

&lt;tr&gt;
&lt;td align=&#34;left&#34;&gt;Network&lt;/td&gt;
&lt;td align=&#34;left&#34;&gt;LAN&lt;/td&gt;
&lt;/tr&gt;
&lt;/tbody&gt;
&lt;/table&gt;

&lt;p&gt;8) Be sure all tabs on the left have a green check mark and that the tile is green on the dashboard before continuing to the next exercise.&lt;/p&gt;

&lt;p&gt;9) &lt;strong&gt;Ask your Instructor to validate your settings&lt;/strong&gt;.&lt;/p&gt;

&lt;p&gt;10) Browse to the &lt;code&gt;Installation Dashboard&lt;/code&gt;.  Then click &lt;code&gt;Apply Changes&lt;/code&gt; to create an instance of Ops Manager Director.&lt;/p&gt;

&lt;p&gt;&lt;img src=&#34;../resources/images/director-apply-changes.png&#34; alt=&#34;Apply Changes&#34; /&gt;&lt;/p&gt;

&lt;p&gt;The installation should take about 10 minutes. You can view the log details as the installation is happening (&lt;code&gt;Show verbose output&lt;/code&gt;).&lt;/p&gt;

&lt;p&gt;11) When the installation is successful, you should have receive a message saying &amp;ldquo;Changes Applied&amp;hellip;&amp;rdquo;.&lt;/p&gt;

&lt;p&gt;&lt;img src=&#34;../resources/images/director-success.png&#34; alt=&#34;Director Success&#34; /&gt;&lt;/p&gt;

&lt;p&gt;You can ignore the message about exporting a backup of the installation for now.  That will be the topic of another lab.  Just keep in mind that it is good to do after every deployment.&lt;/p&gt;

&lt;p&gt;12) When the installation is complete, click on &lt;code&gt;admin&lt;/code&gt; (top right corner) → &lt;code&gt;Change Log&lt;/code&gt; to view the installation logs.&lt;/p&gt;

&lt;p&gt;&lt;img src=&#34;../resources/images/change-log.png&#34; alt=&#34;Change Log&#34; /&gt;&lt;/p&gt;

&lt;p&gt;13) Explore the &lt;code&gt;Ops Manager Director&lt;/code&gt; tile.  Review the &lt;code&gt;Status&lt;/code&gt; and &lt;code&gt;Credentials&lt;/code&gt; tabs.&lt;/p&gt;

&lt;p&gt;&lt;img src=&#34;../resources/images/director-status.png&#34; alt=&#34;Director Status&#34; /&gt;&lt;/p&gt;

&lt;p&gt;&lt;img src=&#34;../resources/images/director-credentials.png&#34; alt=&#34;Director Credentials&#34; /&gt;&lt;/p&gt;

&lt;p&gt;&lt;strong&gt;Congratulations!&lt;/strong&gt;  You have successfully installed and explored Ops Manager, and installed an Ops Manager Director instance.&lt;/p&gt;
</description>
    </item>
    
    <item>
      <title>Installing Ops Manager Instructor Notes</title>
      <link>/pivotal-cloud-foundry-administrator/install-ops-manager/notes/</link>
      <pubDate>Wed, 20 Jul 2016 09:18:50 -0500</pubDate>
      
      <guid>/pivotal-cloud-foundry-administrator/install-ops-manager/notes/</guid>
      <description>

&lt;h1 id=&#34;what-students-should-know&#34;&gt;What students should know&lt;/h1&gt;

&lt;p&gt;Students should know that they have deployed Ops Manager onto vSphere from a &lt;code&gt;.ova&lt;/code&gt; file.  They have then configured and deployed the Ops Manager Director.&lt;/p&gt;

&lt;p&gt;Students should also recognize that they can change specific configurations that have been defined in the lab; they should know that they can alter the number of AZs, they can change the mode of security/sign-on for Ops Manager, and that they can deploy to a different IaaS.&lt;/p&gt;

&lt;h1 id=&#34;questions&#34;&gt;Questions&lt;/h1&gt;

&lt;p&gt;After completing the lab recap, review the following questions as a class:&lt;/p&gt;

&lt;h2 id=&#34;general-discussion-questions&#34;&gt;General Discussion Questions&lt;/h2&gt;

&lt;p&gt;&lt;strong&gt;Q:&lt;/strong&gt; &lt;em&gt;What two components of Pivotal Cloud Foundry did you provision and install in this lab? What does each of these components do?&lt;/em&gt;&lt;br&gt;
&lt;strong&gt;A:&lt;/strong&gt; You installed the Ops Manager and Ops Manager Director.  Ops Manager is a web application (or GUI) that allows you to manage your Pivotal Cloud Foundry deployment.  Ops Manager Director is a BOSH Director that Ops Manager deploys for you. It enables you to provision your deployments.&lt;/p&gt;

&lt;p&gt;&lt;strong&gt;Q:&lt;/strong&gt; &lt;em&gt;What role does an IaaS play in deploying a PCF installation?  Which IaaSs are supported?&lt;/em&gt;&lt;br&gt;
&lt;strong&gt;A:&lt;/strong&gt; Pivotal Cloud Foundry requires a cloud (VMs with memory, CPUs, etc.) to run.  It is cloud agnostic, and can be configured to run on vSphere, AWS, Openstack, Azure, and others.&lt;/p&gt;

&lt;p&gt;&lt;strong&gt;Q:&lt;/strong&gt; &lt;em&gt;At what point in the installation process&lt;/em&gt; could &lt;em&gt;you configure Ops Manager to use an identity provider?&lt;/em&gt;&lt;br&gt;
&lt;strong&gt;A:&lt;/strong&gt; When you first visit the ip address to which Ops Manager is deployed.&lt;/p&gt;

&lt;h2 id=&#34;questions-from-the-lab&#34;&gt;Questions From the Lab&lt;/h2&gt;

&lt;p&gt;&lt;strong&gt;Q:&lt;/strong&gt; &lt;em&gt;What do the vCenter configuration parameters allow the Ops Manager Director to do?&lt;/em&gt;&lt;br&gt;
&lt;strong&gt;A:&lt;/strong&gt; You have enabled the Ops Manager Director to access your IAAS (vSphere) and to create and destroy VMs as necessary to manage your Cloud Foundry installation.&lt;/p&gt;

&lt;p&gt;&lt;strong&gt;Q:&lt;/strong&gt; &lt;em&gt;According to the documentation on AZs, how many availability zones should you create? Why?&lt;/em&gt;&lt;br&gt;
&lt;strong&gt;A:&lt;/strong&gt; Three.  This enables the Elastic Runtime to balance instances of running applications across multiple availability zones in cases of hardware failure.&lt;/p&gt;

&lt;h1 id=&#34;troubleshooting&#34;&gt;Troubleshooting&lt;/h1&gt;

&lt;p&gt;Troubleshooting guidance for the lab that instructors need to know.&lt;/p&gt;

&lt;ul&gt;
&lt;li&gt;&lt;p&gt;If the student failed to select &lt;code&gt;Cluster&lt;/code&gt; from the &lt;code&gt;Host and Cluster&lt;/code&gt; view in step 6 of &amp;ldquo;Installing the Pivotal Cloud Foundry Ops Manager&amp;rdquo;, or failed to select the correct &amp;ldquo;Resource Pool&amp;rdquo; of &lt;code&gt;RP[NN]&lt;/code&gt; from the &lt;code&gt;Resource Pool&lt;/code&gt; view in step 7 of &amp;ldquo;Installing the Pivotal Cloud Foundry Ops Manager&amp;rdquo;, then they might have trouble when creating an Availability Zone in step 5 of &amp;ldquo;Configuring Ops Manager Director&amp;rdquo;:&lt;/p&gt;

&lt;p&gt;&lt;img src=&#34;../../resources/images/az-cluster-troubleshooting.png&#34; alt=&#34;AZ error&#34; /&gt;&lt;/p&gt;

&lt;p&gt;To solve this, you will have to power down and delete from disk the Ops Manager VM. Then import it again, restarting the tutorial from step 4 of &amp;ldquo;Installing the Pivotal Cloud Foundry Ops Manager&amp;rdquo;.&lt;/p&gt;&lt;/li&gt;

&lt;li&gt;&lt;p&gt;If the student fails to disable ICMP checks by not deselecting the &lt;code&gt;Enable ICMP Checks&lt;/code&gt; checkbox in step 6 of &amp;ldquo;Configuring Ops Manager Director&amp;rdquo;, they will see the following error when trying to create a network:&lt;/p&gt;

&lt;p&gt;&lt;img src=&#34;../../resources/images/icmp-troubleshooting.png&#34; alt=&#34;ICMP Troubleshooting&#34; /&gt;&lt;/p&gt;

&lt;p&gt;Make sure the student deselects that checkbox. They may have to delete and recreate the network, restarting the tutorial form step 6 of &amp;ldquo;Configuring Ops Manager Director&amp;rdquo;.&lt;/p&gt;&lt;/li&gt;

&lt;li&gt;&lt;p&gt;Another issue that could cause either of the errors above is if the wrong gateway was entered in step 8 of &amp;ldquo;Installing the Pivotal Cloud Foundry Ops Manager&amp;rdquo;. Make sure the student entered the correct gateway for the correct subnet of the environment they&amp;rsquo;re working on.&lt;/p&gt;&lt;/li&gt;

&lt;li&gt;&lt;p&gt;If student selects the wrong network in step 8 of &amp;ldquo;Installing Ops Manager&amp;rdquo;, they will not be able to go the Ops Manager site.  In order to address this, they should delete their Ops Manager VM and restart the tutorial from importing the VM.&lt;/p&gt;&lt;/li&gt;
&lt;/ul&gt;

&lt;h1 id=&#34;feedback&#34;&gt;Feedback&lt;/h1&gt;

&lt;p&gt;Please keep track of all types of feedback, so that we can make this module great.  That includes questions that students may ask that we should be answering up front, lab corrections/improvements, etc.&lt;/p&gt;

&lt;p&gt;Submit feedback to: &lt;a href=&#34;mailto:pcf-administrator-instructor-feedback@pivotal.io&#34;&gt;pcf-administrator-instructor-feedback@pivotal.io&lt;/a&gt;&lt;/p&gt;
</description>
    </item>
    
  </channel>
</rss>