<?xml version="1.0" encoding="utf-8" standalone="yes" ?>
<rss version="2.0" xmlns:atom="http://www.w3.org/2005/Atom">
  <channel>
    <title>Install-the-elastic-runtime-with-ops-managers on Pivotal Cloud Foundry Administrator</title>
    <link>/pivotal-cloud-foundry-administrator/install-the-elastic-runtime-with-ops-manager/</link>
    <description>Recent content in Install-the-elastic-runtime-with-ops-managers on Pivotal Cloud Foundry Administrator</description>
    <generator>Hugo -- gohugo.io</generator>
    <language>en-us</language>
    <copyright>© Copyright Pivotal. All rights reserved.</copyright>
    <lastBuildDate>Wed, 20 Jul 2016 09:18:50 -0500</lastBuildDate>
    <atom:link href="/pivotal-cloud-foundry-administrator/install-the-elastic-runtime-with-ops-manager/index.xml" rel="self" type="application/rss+xml" />
    
    <item>
      <title>Installing Products with Ops Manager</title>
      <link>/pivotal-cloud-foundry-administrator/install-the-elastic-runtime-with-ops-manager/</link>
      <pubDate>Wed, 20 Jul 2016 09:18:50 -0500</pubDate>
      
      <guid>/pivotal-cloud-foundry-administrator/install-the-elastic-runtime-with-ops-manager/</guid>
      <description>

&lt;p&gt;Estimated time: 45 minutes + 3 hour installation&lt;/p&gt;

&lt;h1 id=&#34;requirements&#34;&gt;Requirements&lt;/h1&gt;

&lt;p&gt;&lt;a href=&#34;../requirements&#34;&gt;Lab Requirements&lt;/a&gt;&lt;/p&gt;

&lt;h1 id=&#34;what-you-will-learn&#34;&gt;What you will learn&lt;/h1&gt;

&lt;ul&gt;
&lt;li&gt;How to install the Pivotal Elastic Runtime with Ops Manager&lt;/li&gt;
&lt;li&gt;How to add and configure additional tiles in Ops Manager&lt;/li&gt;
&lt;/ul&gt;

&lt;h1 id=&#34;exercises&#34;&gt;Exercises&lt;/h1&gt;

&lt;h2 id=&#34;installing-pivotal-elastic-runtime-with-ops-manager&#34;&gt;Installing Pivotal Elastic Runtime with Ops Manager&lt;/h2&gt;

&lt;h3 id=&#34;installing-pivotal-elastic-runtime&#34;&gt;Installing Pivotal Elastic Runtime&lt;/h3&gt;

&lt;p&gt;1) Review the &lt;a target=&#34;_blank&#34; href=&#34;http://docs.pivotal.io/pivotalcf/customizing/pcf-interface.html&#34;&gt;Ops Manager interface&lt;/a&gt;  and review the documentation on &lt;a target=&#34;_blank&#34; href=&#34;http://docs.pivotal.io/pivotalcf/customizing/add-delete.html&#34;&gt;Adding and Deleting Products&lt;/a&gt;.&lt;/p&gt;

&lt;p&gt;2) Log in to your Ops Manager instance. Use the FQDN (opsmgr-[NN].haas-66.pez.pivotal.io)
from the Jumpbox rather than the public URL to reduce file upload times.&lt;/p&gt;

&lt;p&gt;3) Import the &lt;strong&gt;earliest&lt;/strong&gt; version of the Pivotal Elastic Runtime tile from &lt;code&gt;student-files&lt;/code&gt; (e.g. &lt;code&gt;cf-1.7.24-build.1.pivotal&lt;/code&gt;) - note that your version may differ. If you do not see the file, please inform your instructor.&lt;/p&gt;

&lt;p&gt;&lt;img src=&#34;../resources/images/import.png&#34; alt=&#34;Import&#34; /&gt;&lt;/p&gt;

&lt;p&gt;4) Once the product appears on the left-side panel, click &lt;code&gt;Add&lt;/code&gt; to add the tile to the main panel. The tile will be orange, needing configuration. Click the tile to configure.&lt;/p&gt;

&lt;p&gt;&lt;img src=&#34;../resources/images/add.png&#34; alt=&#34;Add&#34; /&gt;&lt;/p&gt;

&lt;p&gt;&lt;img src=&#34;../resources/images/orange-elastic-runtime.png&#34; alt=&#34;Orange Elastic Runtime&#34; /&gt;&lt;/p&gt;

&lt;p&gt;5) Browse to the &lt;code&gt;Domains&lt;/code&gt; section (left margin).&lt;/p&gt;

&lt;p&gt;&lt;img src=&#34;../resources/images/domains.png&#34; alt=&#34;Domains&#34; /&gt;&lt;/p&gt;

&lt;p&gt;Enter the following values for the specified fields (use lowercase), and subsitute your environment number for &lt;a href=&#34;e.g. `run-02.haas-66.edu.pivotal.io` and `cfapps-02.haas-66.pez.pivotal.io`&#34;&gt;NN&lt;/a&gt;.  Then click &lt;code&gt;Save&lt;/code&gt;.&lt;/p&gt;

&lt;table&gt;
&lt;thead&gt;
&lt;tr&gt;
&lt;th align=&#34;left&#34;&gt;Field&lt;/th&gt;
&lt;th align=&#34;left&#34;&gt;Value&lt;/th&gt;
&lt;/tr&gt;
&lt;/thead&gt;

&lt;tbody&gt;
&lt;tr&gt;
&lt;td align=&#34;left&#34;&gt;System Domain&lt;/td&gt;
&lt;td align=&#34;left&#34;&gt;run-[NN].haas-66.pez.pivotal.io&lt;/td&gt;
&lt;/tr&gt;

&lt;tr&gt;
&lt;td align=&#34;left&#34;&gt;Apps Domain&lt;/td&gt;
&lt;td align=&#34;left&#34;&gt;cfapps-[NN].haas-66.pez.pivotal.io&lt;/td&gt;
&lt;/tr&gt;
&lt;/tbody&gt;
&lt;/table&gt;

&lt;p&gt;&lt;strong&gt;&lt;em&gt;What do these settings control?&lt;/em&gt;&lt;/strong&gt;&lt;/p&gt;

&lt;p&gt;Suppose your domain is &lt;code&gt;mydomain.com&lt;/code&gt;.  Then after setup, Pivotal Cloud Foundry will have mapped the Cloud Controller API endpoint to &lt;code&gt;api.system.mydomain.com&lt;/code&gt; (this is the URL you target using &lt;code&gt;cf&lt;/code&gt;), the Apps Manager URL will be &lt;code&gt;apps.system.mydomain.com&lt;/code&gt; and any apps you push will be &lt;code&gt;app-hostname.apps.mydomain.com&lt;/code&gt;.&lt;/p&gt;

&lt;p&gt;6) Browse to the &lt;code&gt;Networking&lt;/code&gt; section (left margin).&lt;/p&gt;

&lt;p&gt;&lt;img src=&#34;../resources/images/networking.png&#34; alt=&#34;Networking&#34; /&gt;&lt;/p&gt;

&lt;p&gt;Enter the following values for the specified fields, and subsitute your environment number for NN.  Accept defaults for all other fields.  Then click &lt;code&gt;Save&lt;/code&gt;.&lt;/p&gt;

&lt;table&gt;
&lt;thead&gt;
&lt;tr&gt;
&lt;th align=&#34;left&#34;&gt;Field&lt;/th&gt;
&lt;th align=&#34;left&#34;&gt;Value&lt;/th&gt;
&lt;/tr&gt;
&lt;/thead&gt;

&lt;tbody&gt;
&lt;tr&gt;
&lt;td align=&#34;left&#34;&gt;HAProxy IPs&lt;/td&gt;
&lt;td align=&#34;left&#34;&gt;10.193.[envSpecific octet].250&lt;/td&gt;
&lt;/tr&gt;

&lt;tr&gt;
&lt;td align=&#34;left&#34;&gt;Configure the point-of-entry to this environment&lt;/td&gt;
&lt;td align=&#34;left&#34;&gt;Select HAProxy option&lt;/td&gt;
&lt;/tr&gt;

&lt;tr&gt;
&lt;td align=&#34;left&#34;&gt;Generate RSA Certificate&lt;/td&gt;
&lt;td align=&#34;left&#34;&gt;*.run-[NN].haas-66.pez.pivotal.io, *.login.run-[NN].haas-66.pez.pivotal.io, *.uaa.run-[NN].haas-66.pez.pivotal.io, *.cfapps-[NN].haas-66.pez.pivotal.io&lt;/td&gt;
&lt;/tr&gt;

&lt;tr&gt;
&lt;td align=&#34;left&#34;&gt;Disable SSL certificate verification for this environment&lt;/td&gt;
&lt;td align=&#34;left&#34;&gt;checked&lt;/td&gt;
&lt;/tr&gt;
&lt;/tbody&gt;
&lt;/table&gt;

&lt;p&gt;7) Browse to the &lt;code&gt;Application Security Groups&lt;/code&gt; section (left margin).&lt;/p&gt;

&lt;p&gt;&lt;img src=&#34;../resources/images/application-security-groups.png&#34; alt=&#34;Application Security Groups&#34; /&gt;&lt;/p&gt;

&lt;p&gt;Type &lt;code&gt;X&lt;/code&gt; to acknowledge that you understand this message.  Click &lt;code&gt;Save&lt;/code&gt;.&lt;/p&gt;

&lt;!-- 7) Browse to the `Resource Config` section (left margin).

![Resource Config](../resources/images/resource-config.png)


| Field        | Value           |
| :------------- |:-------------|
| NFS Server: Persistent Disk Type | 20 GB  |
| MySQL Server: Persistent Disk Type | 30 GB |
| MySQL Server: VMType | large (cpu: 2, ram: 8 GB, disk 16 GB) |
| Diego Cell: Instances | 2 | --&gt;

&lt;p&gt;8) Navigate to &lt;code&gt;Stemcell&lt;/code&gt; and select &lt;code&gt;Import Stemcell&lt;/code&gt;.  From the &lt;code&gt;student-files&lt;/code&gt; folder on the desktop, select the required &lt;code&gt;unbuntu-trusty&lt;/code&gt; stemcell.&lt;/p&gt;

&lt;h3 id=&#34;installing-mysql&#34;&gt;Installing MySQL&lt;/h3&gt;

&lt;p&gt;1) From the installation dashboard, import the earliest version of mysql from the &lt;code&gt;student-files&lt;/code&gt; folder (e.g. &lt;code&gt;p-mysql.1.7.11.pivotal&lt;/code&gt;) - note that your version may differ. If you do not see the file, please contact your instructor.&lt;/p&gt;

&lt;p&gt;2) Once the product appears on the left-side panel, click &lt;code&gt;Add&lt;/code&gt; to add the tile to the main panel. When the tile appears, click it to begin configuration&lt;/p&gt;

&lt;p&gt;&lt;img src=&#34;../resources/images/add-mysql-tile.png&#34; alt=&#34;Add MySQL Tile&#34; /&gt;&lt;/p&gt;

&lt;p&gt;3) Navigate to &lt;code&gt;Advanced Options&lt;/code&gt; and enter your email in the &lt;code&gt;E-mail Address&lt;/code&gt; field.&lt;/p&gt;

&lt;p&gt;&lt;img src=&#34;../resources/images/mysql-config-add-email.png&#34; alt=&#34;Enter email&#34; /&gt;&lt;/p&gt;

&lt;p&gt;4) Under &lt;code&gt;Configure Backups&lt;/code&gt;, select &lt;code&gt;Disable Backups&lt;/code&gt;.&lt;/p&gt;

&lt;p&gt;&lt;img src=&#34;../resources/images/mysql-config-turn-off-backups.png&#34; alt=&#34;Disable Backups&#34; /&gt;&lt;/p&gt;

&lt;p&gt;5) Select &lt;code&gt;Resource Config&lt;/code&gt; and set &lt;code&gt;Backup Prepare Node&lt;/code&gt; instances to &lt;code&gt;0&lt;/code&gt;.&lt;/p&gt;

&lt;p&gt;&lt;img src=&#34;../resources/images/mysql-config-resources.png&#34; alt=&#34;Set backup prepare node&#34; /&gt;&lt;/p&gt;

&lt;p&gt;6) Confirm that the &lt;code&gt;Stemcell&lt;/code&gt; section is green. If it is not, click on it and upload the proper stemcell.&lt;/p&gt;

&lt;!--

![Upload Stemcell](../resources/images/mysql-config-stemcell.png) --&gt;

&lt;h3 id=&#34;installing-jmx&#34;&gt;Installing JMX&lt;/h3&gt;

&lt;p&gt;1) Return to the Ops Manager installation dashboard and select &lt;code&gt;Import a Product&lt;/code&gt; (left margin).&lt;/p&gt;

&lt;p&gt;2) From the &lt;code&gt;student-files&lt;/code&gt; folder JMX Bridge, find and import the available &lt;code&gt;p-metrics&lt;/code&gt; file (e.g. &lt;code&gt;p-metrics-1.7.2.pivotal&lt;/code&gt;). There should only be one file, and note that your version may differ. If you do not see the file, please contact your instructor.&lt;/p&gt;

&lt;p&gt;3) Once &lt;code&gt;JMX Bridge&lt;/code&gt; appears on the list of available products, click &lt;code&gt;Add&lt;/code&gt;. The added tile will be orange, needing configuration.&lt;/p&gt;

&lt;p&gt;&lt;img src=&#34;../resources/images/add-jmx.png&#34; alt=&#34;Add JMX Bridge&#34; /&gt;&lt;/p&gt;

&lt;p&gt;1) Select the &lt;code&gt;JMX Bridge&lt;/code&gt; tile.&lt;/p&gt;

&lt;p&gt;2) Browse to the &lt;code&gt;Assign AZs and Networks&lt;/code&gt; section (left margin). Note the selected availability zone and select the &lt;code&gt;LAN&lt;/code&gt; network.  Click &lt;code&gt;Save&lt;/code&gt;.&lt;/p&gt;

&lt;p&gt;&lt;img src=&#34;../resources/images/jmx-az-config.png&#34; alt=&#34;AZs&#34; /&gt;&lt;/p&gt;

&lt;p&gt;3) Browse to &lt;code&gt;JMX Provider&lt;/code&gt; and enter the username &lt;code&gt;admin&lt;/code&gt; and the password &lt;code&gt;metrics&lt;/code&gt;. Click &lt;code&gt;Save&lt;/code&gt;.&lt;/p&gt;

&lt;p&gt;&lt;img src=&#34;../resources/images/jmx-bridge-provider-config.png&#34; alt=&#34;Provider&#34; /&gt;&lt;/p&gt;

&lt;p&gt;4) Go to &lt;code&gt;Resource Config&lt;/code&gt; and change the number of &lt;code&gt;OpenTSDB Firehose Nozzle&lt;/code&gt; &lt;code&gt;instances&lt;/code&gt; from 0 to 1. &lt;code&gt;Save&lt;/code&gt; your changes.&lt;/p&gt;

&lt;p&gt;&lt;img src=&#34;../resources/images/jmx-resource-config.png&#34; alt=&#34;Resource Config&#34; /&gt;&lt;/p&gt;

&lt;p&gt;5) Confirm that the &lt;code&gt;Stemcell&lt;/code&gt; section is green. If it is not, click on it and upload the proper stemcell.&lt;/p&gt;

&lt;h3 id=&#34;apply-changes&#34;&gt;Apply Changes&lt;/h3&gt;

&lt;p&gt;1) &lt;strong&gt;Before Installing/Applying Changes - get your instructor to validate all your settings&lt;/strong&gt;&lt;/p&gt;

&lt;p&gt;2) When you have completed &lt;strong&gt;ALL&lt;/strong&gt; of the above configuration steps, select &lt;code&gt;Apply changes&lt;/code&gt; (right margin) in the Ops Manager interface.&lt;/p&gt;

&lt;p&gt;&lt;img src=&#34;../resources/images/elastic-runtime-apply-changes.png&#34; alt=&#34;Apply Changes&#34; /&gt;&lt;/p&gt;

&lt;p&gt;The installation may take over 3 hours. It is a good idea to watch to the first few minutes just in case there is an early installation failure.  If there is a failure, view the troubleshooting guide, below.&lt;/p&gt;

&lt;h3 id=&#34;after-the-install-to-be-completed-later&#34;&gt;After the Install (to be completed later)&lt;/h3&gt;

&lt;p&gt;1) After the installation is complete, view the &lt;code&gt;Change Logs&lt;/code&gt; (under &lt;code&gt;admin&lt;/code&gt; at top left). If the installation was not successful, see the Installation Troubleshooting section.&lt;/p&gt;

&lt;p&gt;2) Explore the &lt;code&gt;Status&lt;/code&gt; tab in the &lt;code&gt;Pivotal Elastic Runtime&lt;/code&gt; tile. It lists the IP addresses and the status of the VMs related to the installation.&lt;/p&gt;

&lt;p&gt;3) Explore the &lt;code&gt;Credentials&lt;/code&gt; tab in the &lt;code&gt;Pivotal Elastic Runtime&lt;/code&gt; tile. It contains the username and auto-generated passwords that are used for logging into components.&lt;/p&gt;

&lt;p&gt;4) Explore the &lt;code&gt;Logs&lt;/code&gt; tab in the &lt;code&gt;Pivotal Elastic Runtime&lt;/code&gt; tile. This contain logs obtained by clicking on the Logs icon under the &lt;code&gt;Status&lt;/code&gt; tab.&lt;/p&gt;

&lt;p&gt;&lt;strong&gt;Congratulations!&lt;/strong&gt; you have installed Pivotal Elastic Runtime.&lt;/p&gt;

&lt;h3 id=&#34;troubleshooting&#34;&gt;Troubleshooting&lt;/h3&gt;

&lt;p&gt;Common problems that may arise when installing the Pivotal Elastic Runtime:&lt;/p&gt;

&lt;h4 id=&#34;push-console-error&#34;&gt;Push-console Error&lt;/h4&gt;

&lt;p&gt;The installation fails with this message:&lt;/p&gt;

&lt;pre&gt;&lt;code&gt;  Errand &#39;push-console&#39; completed with error (exit code 1)[stdout]
  cf api --skip-ssl-validation https://api.system.sugonpcf.com
  Setting api endpoint to https://api.system.sugonpcf.com...
  FAILED
  connection refused
&lt;/code&gt;&lt;/pre&gt;

&lt;p&gt;Typically this means you failed to set the HA Proxy IP address in the &lt;code&gt;Networking&lt;/code&gt; section (see above).&lt;/p&gt;

&lt;p&gt;Go back into the Elastic Runtime configuration and set it now.  However you may now get
  the next error.&lt;/p&gt;

&lt;h4 id=&#34;ip-already-taken&#34;&gt;IP Already Taken&lt;/h4&gt;

&lt;p&gt;When trying to set the HA Proxy IP address in the &lt;code&gt;Networking&lt;/code&gt; section, you get
the error &lt;code&gt;IP is already taken, cannot be taken for &#39;Pivotal Elastic Runtime - HAProxy&#39;&lt;/code&gt;
This is because a previous installation attempt has already used the address for
another Pivotal Cloud Foundry job/VM.  Try deleting the entire Elastic Runtime and hitting &lt;code&gt;Apply changes&lt;/code&gt;.
This should free up the IP address.  Now put the tile back (using &lt;code&gt;Add&lt;/code&gt; in the left-hand
panel just like you did the first time).  Reconfigure again and &lt;code&gt;Apply Changes&lt;/code&gt;.&lt;/p&gt;
</description>
    </item>
    
    <item>
      <title>Installing Products with Ops Manager Instructor Notes</title>
      <link>/pivotal-cloud-foundry-administrator/install-the-elastic-runtime-with-ops-manager/notes/</link>
      <pubDate>Wed, 20 Jul 2016 09:18:50 -0500</pubDate>
      
      <guid>/pivotal-cloud-foundry-administrator/install-the-elastic-runtime-with-ops-manager/notes/</guid>
      <description>

&lt;h1 id=&#34;what-students-should-know&#34;&gt;What students should know&lt;/h1&gt;

&lt;p&gt;At the end of this lab, students should know how import tiles to their installation dashboard and how to configure and install those tiles.  They should also know what the Elastic Runtime does and what the various configuration variables that they are setting mean (and how they might change for different deployments)&lt;/p&gt;

&lt;h1 id=&#34;questions&#34;&gt;Questions&lt;/h1&gt;

&lt;p&gt;After completing the lab recap, review the following questions as a class:&lt;/p&gt;

&lt;h2 id=&#34;general-discussion-questions&#34;&gt;General Discussion Questions&lt;/h2&gt;

&lt;p&gt;&lt;strong&gt;Q:&lt;/strong&gt; &lt;em&gt;What is the Elastic Runtime?&lt;/em&gt;&lt;br&gt;
&lt;strong&gt;A:&lt;/strong&gt; The Elastic Runtime is Cloud Foundry.  It consists of the router, the cloud controller API, Diego, and Loggregator.&lt;/p&gt;

&lt;p&gt;&lt;strong&gt;Q:&lt;/strong&gt;&lt;em&gt;What is the procedure for adding a tile to Ops Manager?&lt;/em&gt;&lt;br&gt;
&lt;strong&gt;A:&lt;/strong&gt; Importing a product from Pivotal Network or another trusted source, adding the tile to the installation dashboard, configuring the tile, and applying changes.&lt;/p&gt;

&lt;p&gt;&lt;strong&gt;Q:&lt;/strong&gt; &lt;em&gt;What does adding the MySQL tile enable for your PCF installation?&lt;/em&gt; &lt;br&gt;
&lt;strong&gt;A:&lt;/strong&gt; The MySQL adds MySQL to the services marketplace (accessible via &lt;code&gt;cf marketplace&lt;/code&gt;).  In other words, it enables application developers to add a MySQL service to their applications.&lt;/p&gt;

&lt;h1 id=&#34;troubleshooting&#34;&gt;Troubleshooting&lt;/h1&gt;

&lt;p&gt;When adding the ER tile, the page occasionally gets stuck on &lt;code&gt;waiting&lt;/code&gt; and doesn’t refresh to show the tile has uploaded.  Do not close the window or hit refresh.  Instead, open a new tab and navigate to the ops manager application to see if the tile has successfully loaded.  If it has, close the old tab and continue on with the lab.&lt;/p&gt;

&lt;h1 id=&#34;feedback&#34;&gt;Feedback&lt;/h1&gt;

&lt;p&gt;Please keep track of all types of feedback, so that we can make this module great.  That includes questions that students may ask that we should be answering up front, lab corrections/improvements, etc.&lt;/p&gt;

&lt;p&gt;Submit feedback to: &lt;a href=&#34;mailto:pcf-administrator-instructor-feedback@pivotal.io&#34;&gt;pcf-administrator-instructor-feedback@pivotal.io&lt;/a&gt;&lt;/p&gt;
</description>
    </item>
    
  </channel>
</rss>