<?xml version="1.0" encoding="utf-8" standalone="yes" ?>
<rss version="2.0" xmlns:atom="http://www.w3.org/2005/Atom">
  <channel>
    <title>Backing-up-pivotal-cloud-foundries on Pivotal Cloud Foundry Administrator</title>
    <link>/pivotal-cloud-foundry-administrator/backing-up-pivotal-cloud-foundry/</link>
    <description>Recent content in Backing-up-pivotal-cloud-foundries on Pivotal Cloud Foundry Administrator</description>
    <generator>Hugo -- gohugo.io</generator>
    <language>en-us</language>
    <copyright>© Copyright Pivotal. All rights reserved.</copyright>
    <lastBuildDate>Thu, 21 Jul 2016 11:21:10 -0500</lastBuildDate>
    <atom:link href="/pivotal-cloud-foundry-administrator/backing-up-pivotal-cloud-foundry/index.xml" rel="self" type="application/rss+xml" />
    
    <item>
      <title>Backing Up Pivotal Cloud Foundry</title>
      <link>/pivotal-cloud-foundry-administrator/backing-up-pivotal-cloud-foundry/</link>
      <pubDate>Thu, 21 Jul 2016 11:21:10 -0500</pubDate>
      
      <guid>/pivotal-cloud-foundry-administrator/backing-up-pivotal-cloud-foundry/</guid>
      <description>

&lt;p&gt;Estimated time: 60 minutes&lt;/p&gt;

&lt;h1 id=&#34;requirements&#34;&gt;Requirements&lt;/h1&gt;

&lt;p&gt;&lt;a href=&#34;../requirements&#34;&gt;Lab Requirements&lt;/a&gt;&lt;/p&gt;

&lt;h1 id=&#34;what-you-will-learn&#34;&gt;What you will learn&lt;/h1&gt;

&lt;ul&gt;
&lt;li&gt;How to backup Pivotal Cloud Foundry Ops Manager using &lt;code&gt;cfops&lt;/code&gt;&lt;/li&gt;
&lt;li&gt;How to backup Pivotal Cloud Foundry Elastic Runtime using &lt;code&gt;cfops&lt;/code&gt;&lt;/li&gt;
&lt;/ul&gt;

&lt;h1 id=&#34;exercises&#34;&gt;Exercises&lt;/h1&gt;

&lt;h2 id=&#34;review-backing-up-pivotal-cloud-foundry&#34;&gt;Review Backing Up Pivotal Cloud Foundry&lt;/h2&gt;

&lt;p&gt;1) Review the Pivotal prescribed way of &lt;a target=&#34;_blank&#34; href=&#34;http://docs.pivotal.io/pivotalcf/customizing/backup-restore/backup-pcf.html&#34;&gt;backing up a Pivotal Cloud Foundry installation&lt;/a&gt;.&lt;/p&gt;

&lt;p&gt;2) Review the &lt;code&gt;cfops&lt;/code&gt; application &lt;a target=&#34;_blank&#34; href=&#34;https://github.com/pivotalservices/cfops&#34;&gt;repo&lt;/a&gt; and &lt;a target=&#34;_blank&#34; href=&#34;http://www.cfops.io/&#34;&gt;documentation&lt;/a&gt;.&lt;/p&gt;

&lt;h3 id=&#34;questions&#34;&gt;Questions&lt;/h3&gt;

&lt;ul&gt;
&lt;li&gt;What are the critical backend components that should be backed up in a Pivotal Cloud Foundry installation?&lt;/li&gt;
&lt;li&gt;How does &lt;code&gt;cfops&lt;/code&gt; facilitate the backup of a Pivotal Cloud Foundry installation?&lt;/li&gt;
&lt;/ul&gt;

&lt;h2 id=&#34;record-the-cloud-controller-db-credentials&#34;&gt;Record the Cloud Controller Db Credentials&lt;/h2&gt;

&lt;p&gt;1) From the Ops Manager Installation Dashboard on your remote desktop, select the Elastic Runtime and navigate to the &lt;code&gt;Credentials&lt;/code&gt; tab.  Find the Cloud Controller Db Encryption Credentials and record them.&lt;/p&gt;

&lt;p&gt;&lt;img src=&#34;../resources/images/restore-cloud-controller-creds.png&#34; alt=&#34;Cloud Controller DB Encryption Credentials&#34; /&gt;&lt;/p&gt;

&lt;p&gt;These credentials are necessary if you need to contact Pivotal Support for help restoring your installation.&lt;/p&gt;

&lt;h2 id=&#34;install-cfops&#34;&gt;Install &lt;code&gt;cfops&lt;/code&gt;&lt;/h2&gt;

&lt;p&gt;1) ssh to the &lt;strong&gt;Ubuntu Jumpbox&lt;/strong&gt;.&lt;/p&gt;

&lt;p&gt;Use Remote Desktop to start a &lt;code&gt;PuTTY&lt;/code&gt; session.&lt;/p&gt;

&lt;p&gt;Host: &lt;code&gt;10.193.[envSpecific octet].5&lt;/code&gt;&lt;br&gt;
User: &lt;code&gt;pivotal&lt;/code&gt;&lt;br&gt;
Password: [ENVIRONMENT_PASSWORD]&lt;br&gt;&lt;/p&gt;

&lt;p&gt;2) Make a &lt;code&gt;backups&lt;/code&gt; directory.&lt;/p&gt;

&lt;pre&gt;&lt;code&gt;$ mkdir backups
&lt;/code&gt;&lt;/pre&gt;

&lt;p&gt;3) Change directories.&lt;/p&gt;

&lt;pre&gt;&lt;code&gt;$ cd backups
&lt;/code&gt;&lt;/pre&gt;

&lt;p&gt;4) Download &lt;code&gt;cfops&lt;/code&gt;.&lt;/p&gt;

&lt;pre&gt;&lt;code&gt;$ curl -o cfops https://s3.amazonaws.com/pivotal-cloud-foundry-administrator/cfops
&lt;/code&gt;&lt;/pre&gt;

&lt;p&gt;5) Add the execute permission.&lt;/p&gt;

&lt;pre&gt;&lt;code&gt;$ chmod +x cfops
&lt;/code&gt;&lt;/pre&gt;

&lt;h2 id=&#34;explore-cfops&#34;&gt;Explore &lt;code&gt;cfops&lt;/code&gt;&lt;/h2&gt;

&lt;p&gt;1) Explore the usage.&lt;/p&gt;

&lt;pre&gt;&lt;code&gt;$ ./cfops help
&lt;/code&gt;&lt;/pre&gt;

&lt;p&gt;2) List the tiles.&lt;/p&gt;

&lt;pre&gt;&lt;code&gt;$ ./cfops list-tiles
&lt;/code&gt;&lt;/pre&gt;

&lt;h3 id=&#34;questions-1&#34;&gt;Questions&lt;/h3&gt;

&lt;ul&gt;
&lt;li&gt;What is displayed when you run the &lt;code&gt;list-tiles&lt;/code&gt; command?&lt;/li&gt;
&lt;/ul&gt;

&lt;h2 id=&#34;backup-ops-manager&#34;&gt;Backup Ops Manager&lt;/h2&gt;

&lt;p&gt;1) Review the backup command usage.&lt;/p&gt;

&lt;pre&gt;&lt;code&gt;$ ./cfops help backup
&lt;/code&gt;&lt;/pre&gt;

&lt;p&gt;2) Backup the Ops Manager tile.&lt;/p&gt;

&lt;p&gt;Replace the variables with the table values below.&lt;/p&gt;

&lt;p&gt;This command will take about 15 minutes.&lt;/p&gt;

&lt;pre&gt;&lt;code class=&#34;language-bash&#34;&gt;$ LOG_LEVEL=debug ./cfops backup --opsmanagerhost OPS-MAN-FQDN --adminuser OPS-MAN-ADMIN-USERNAME --adminpass OPS-MAN-ADMIN-PASSWORD --opsmanageruser OPS-MAN-USER --opsmanagerpass OPS-MAN-PASSWORD --opsmanagerpassphrase OPS-MAN-PASSPHRASE --tile TILE --destination DESTINATION-DIRECTORY
&lt;/code&gt;&lt;/pre&gt;

&lt;table&gt;
&lt;thead&gt;
&lt;tr&gt;
&lt;th align=&#34;left&#34;&gt;Variable&lt;/th&gt;
&lt;th align=&#34;left&#34;&gt;Value&lt;/th&gt;
&lt;/tr&gt;
&lt;/thead&gt;

&lt;tbody&gt;
&lt;tr&gt;
&lt;td align=&#34;left&#34;&gt;OPS-MAN-FQDN&lt;/td&gt;
&lt;td align=&#34;left&#34;&gt;opsmgr-[NN].haas-66.pez.pivotal.io&lt;/td&gt;
&lt;/tr&gt;

&lt;tr&gt;
&lt;td align=&#34;left&#34;&gt;OPS-MAN-ADMIN-USERNAME&lt;/td&gt;
&lt;td align=&#34;left&#34;&gt;(provided by your instructor)&lt;/td&gt;
&lt;/tr&gt;

&lt;tr&gt;
&lt;td align=&#34;left&#34;&gt;OPS-MAN-ADMIN-PASSWORD&lt;/td&gt;
&lt;td align=&#34;left&#34;&gt;(provided by your instructor)&lt;/td&gt;
&lt;/tr&gt;

&lt;tr&gt;
&lt;td align=&#34;left&#34;&gt;OPS-MAN-USER&lt;/td&gt;
&lt;td align=&#34;left&#34;&gt;ubuntu&lt;/td&gt;
&lt;/tr&gt;

&lt;tr&gt;
&lt;td align=&#34;left&#34;&gt;OPS-MAN-PASSWORD&lt;/td&gt;
&lt;td align=&#34;left&#34;&gt;(provided by your instructor)&lt;/td&gt;
&lt;/tr&gt;

&lt;tr&gt;
&lt;td align=&#34;left&#34;&gt;OPS-MAN-PASSPHRASE&lt;/td&gt;
&lt;td align=&#34;left&#34;&gt;(provided by your instructor)&lt;/td&gt;
&lt;/tr&gt;

&lt;tr&gt;
&lt;td align=&#34;left&#34;&gt;TILE&lt;/td&gt;
&lt;td align=&#34;left&#34;&gt;ops-manager&lt;/td&gt;
&lt;/tr&gt;

&lt;tr&gt;
&lt;td align=&#34;left&#34;&gt;DESTINATION-DIRECTORY&lt;/td&gt;
&lt;td align=&#34;left&#34;&gt;&lt;strong&gt;.&lt;/strong&gt;/&lt;/td&gt;
&lt;/tr&gt;
&lt;/tbody&gt;
&lt;/table&gt;

&lt;p&gt;4) Confirm the backup occurred.&lt;/p&gt;

&lt;pre&gt;&lt;code&gt;$ ls
&lt;/code&gt;&lt;/pre&gt;

&lt;p&gt;&lt;code&gt;opsmanager&lt;/code&gt; should be among the listed files and folders.&lt;/p&gt;

&lt;h3 id=&#34;questions-2&#34;&gt;Questions&lt;/h3&gt;

&lt;ul&gt;
&lt;li&gt;What would happen if you omitted the &lt;code&gt;LOG_LEVEL=debug&lt;/code&gt; setting from the above commands??&lt;/li&gt;
&lt;/ul&gt;

&lt;h2 id=&#34;explore-the-ops-manager-backup&#34;&gt;Explore the Ops Manager backup&lt;/h2&gt;

&lt;p&gt;1) List the files created as part of the backup.&lt;/p&gt;

&lt;pre&gt;&lt;code&gt;$ ls opsmanager
&lt;/code&gt;&lt;/pre&gt;

&lt;p&gt;2) Review the &lt;code&gt;deployments.tar.gz&lt;/code&gt; file.&lt;/p&gt;

&lt;pre&gt;&lt;code&gt;$ vim opsmanager/deployments.tar.gz
&lt;/code&gt;&lt;/pre&gt;

&lt;p&gt;Select a file with the cursor and press &lt;code&gt;ENTER&lt;/code&gt; to view the file.&lt;/p&gt;

&lt;p&gt;To quit press &lt;code&gt;:&lt;/code&gt; then type &lt;code&gt;q&lt;/code&gt; then &lt;code&gt;ENTER&lt;/code&gt;.&lt;/p&gt;

&lt;p&gt;3) View the installation.json file.&lt;/p&gt;

&lt;pre&gt;&lt;code&gt;$ cat opsmanager/installation.json | less
&lt;/code&gt;&lt;/pre&gt;

&lt;p&gt;&lt;code&gt;less&lt;/code&gt; navigation overview below:&lt;/p&gt;

&lt;p&gt;More details can be found with &lt;code&gt;man less&lt;/code&gt;.&lt;/p&gt;

&lt;ul&gt;
&lt;li&gt;&lt;code&gt;Control&lt;/code&gt; + &lt;code&gt;F&lt;/code&gt; to move forward&lt;/li&gt;
&lt;li&gt;&lt;code&gt;Control&lt;/code&gt; + &lt;code&gt;B&lt;/code&gt; to move backward&lt;/li&gt;
&lt;li&gt;&lt;code&gt;:&lt;/code&gt; then &lt;code&gt;q&lt;/code&gt;to quit.&lt;/li&gt;
&lt;/ul&gt;

&lt;p&gt;4) Install &lt;code&gt;unzip&lt;/code&gt;.&lt;/p&gt;

&lt;pre&gt;&lt;code&gt;sudo apt-get install unzip
&lt;/code&gt;&lt;/pre&gt;

&lt;p&gt;5) View the installation.zip file.&lt;/p&gt;

&lt;pre&gt;&lt;code&gt;$ vim opsmanager/installation.zip
&lt;/code&gt;&lt;/pre&gt;

&lt;p&gt;&lt;code&gt;vim&lt;/code&gt; may take a few moments to after the &lt;code&gt;unzip&lt;/code&gt; installation to work properly.&lt;/p&gt;

&lt;h3 id=&#34;questions-3&#34;&gt;Questions&lt;/h3&gt;

&lt;ul&gt;
&lt;li&gt;What files appear in the unzipped &lt;code&gt;releases&lt;/code&gt; folder?&lt;/li&gt;
&lt;/ul&gt;

&lt;h2 id=&#34;backup-the-pivotal-elastic-runtime&#34;&gt;Backup the Pivotal Elastic Runtime&lt;/h2&gt;

&lt;p&gt;1) Backup the Elastic Runtime tile.&lt;/p&gt;

&lt;p&gt;Replace the variables with the table values below.&lt;/p&gt;

&lt;p&gt;This command will take about 15 minutes to complete.&lt;/p&gt;

&lt;pre&gt;&lt;code class=&#34;language-bash&#34;&gt;$ LOG_LEVEL=debug ./cfops backup --opsmanagerhost OPS-MAN-FQDN --adminuser OPS-MAN-ADMIN-USERNAME --adminpass OPS-MAN-ADMIN-PASSWORD --opsmanageruser OPS-MAN-USER --opsmanagerpass OPS-MAN-PASSWORD --opsmanagerpassphrase OPS-MAN-PASSPHRASE --tile TILE --destination DESTINATION-DIRECTORY
&lt;/code&gt;&lt;/pre&gt;

&lt;table&gt;
&lt;thead&gt;
&lt;tr&gt;
&lt;th align=&#34;left&#34;&gt;Variable&lt;/th&gt;
&lt;th align=&#34;left&#34;&gt;Value&lt;/th&gt;
&lt;/tr&gt;
&lt;/thead&gt;

&lt;tbody&gt;
&lt;tr&gt;
&lt;td align=&#34;left&#34;&gt;OPS-MAN-FQDN&lt;/td&gt;
&lt;td align=&#34;left&#34;&gt;opsmgr-[NN].haas-66.pez.pivotal.io&lt;/td&gt;
&lt;/tr&gt;

&lt;tr&gt;
&lt;td align=&#34;left&#34;&gt;OPS-MAN-ADMIN-USERNAME&lt;/td&gt;
&lt;td align=&#34;left&#34;&gt;(provided by your instructor)&lt;/td&gt;
&lt;/tr&gt;

&lt;tr&gt;
&lt;td align=&#34;left&#34;&gt;OPS-MAN-ADMIN-PASSWORD&lt;/td&gt;
&lt;td align=&#34;left&#34;&gt;(provided by your instructor)&lt;/td&gt;
&lt;/tr&gt;

&lt;tr&gt;
&lt;td align=&#34;left&#34;&gt;OPS-MAN-USER&lt;/td&gt;
&lt;td align=&#34;left&#34;&gt;ubuntu&lt;/td&gt;
&lt;/tr&gt;

&lt;tr&gt;
&lt;td align=&#34;left&#34;&gt;OPS-MAN-PASSWORD&lt;/td&gt;
&lt;td align=&#34;left&#34;&gt;(provided by your instructor)&lt;/td&gt;
&lt;/tr&gt;

&lt;tr&gt;
&lt;td align=&#34;left&#34;&gt;OPS-MAN-PASSPHRASE&lt;/td&gt;
&lt;td align=&#34;left&#34;&gt;(provided by your instructor)&lt;/td&gt;
&lt;/tr&gt;

&lt;tr&gt;
&lt;td align=&#34;left&#34;&gt;TILE&lt;/td&gt;
&lt;td align=&#34;left&#34;&gt;elastic-runtime&lt;/td&gt;
&lt;/tr&gt;

&lt;tr&gt;
&lt;td align=&#34;left&#34;&gt;DESTINATION-DIRECTORY&lt;/td&gt;
&lt;td align=&#34;left&#34;&gt;&lt;strong&gt;.&lt;/strong&gt;/&lt;/td&gt;
&lt;/tr&gt;
&lt;/tbody&gt;
&lt;/table&gt;

&lt;p&gt;2) Confirm the backup has occurred.&lt;/p&gt;

&lt;pre&gt;&lt;code&gt;$ ls
&lt;/code&gt;&lt;/pre&gt;

&lt;p&gt;A &lt;code&gt;mysql.backup&lt;/code&gt; file and &lt;code&gt;nfs_server.backup&lt;/code&gt; file should be present.&lt;/p&gt;

&lt;h3 id=&#34;questions-4&#34;&gt;Questions&lt;/h3&gt;

&lt;ul&gt;
&lt;li&gt;What data do the files that result from the backup of the Elastic Runtime contain?&lt;/li&gt;
&lt;li&gt;In order to backup the Pivotal Elastic Runtime, which Pivotal Cloud Foundry component must be stopped?  What impact does this have on the platform?&lt;/li&gt;
&lt;/ul&gt;

&lt;h2 id=&#34;explore-the-pivotal-elastic-runtime-backup&#34;&gt;Explore the Pivotal Elastic Runtime Backup&lt;/h2&gt;

&lt;p&gt;1) View the &lt;code&gt;mysql.backup&lt;/code&gt; file.&lt;/p&gt;

&lt;pre&gt;&lt;code&gt;$ cat mysql.backup | less
&lt;/code&gt;&lt;/pre&gt;

&lt;p&gt;2) View the &lt;code&gt;nfs_server.backup&lt;/code&gt; file.&lt;/p&gt;

&lt;pre&gt;&lt;code&gt;$ tar -tf nfs_server.backup
&lt;/code&gt;&lt;/pre&gt;

&lt;h2 id=&#34;backup-the-mysql-tile&#34;&gt;Backup the MySQL Tile&lt;/h2&gt;

&lt;p&gt;1) Review &lt;a target=&#34;_blank&#34; href=&#34;http://docs.pivotal.io/p-mysql/backup.html&#34;/&gt;backing up MySQL service&lt;/a&gt;.&lt;/p&gt;

&lt;p&gt;2) Log in to Ops Manager, navigate to MySQL For Pivotal Cloud Foundry → Status and locate the IP of your MySQL server(s). If there is more than one IP, any one will work.&lt;/p&gt;

&lt;p&gt;&lt;img src=&#34;../resources/images/mysql-ips.png&#34; alt=&#34;MySQL server IPs&#34; /&gt;&lt;/p&gt;

&lt;p&gt;3) Navigate to MySQL For Pivotal Cloud Foundry → Credentials and click the link to display the MySQL Admin Password credentials. Note the password, you will need it in step 4.&lt;/p&gt;

&lt;p&gt;&lt;img src=&#34;../resources/images/mysql-credentials.png&#34; alt=&#34;MySQL credentials&#34; /&gt;&lt;/p&gt;

&lt;p&gt;4) To backup all databases in the MySQL deployment, use &amp;ndash;all-databases, where &lt;strong&gt;MYSQL_SERVER_IP&lt;/strong&gt; is the IP you located in step 2:&lt;/p&gt;

&lt;pre&gt;&lt;code&gt;$ mysqldump -u root -p -h MYSQL_SERVER_IP --all-databases &amp;gt; mysql-tile.sql
&lt;/code&gt;&lt;/pre&gt;

&lt;p&gt;Alternatively, to backup a single database, you can specify the database name:&lt;/p&gt;

&lt;pre&gt;&lt;code&gt;$ mysqldump -u root -p -h MYSQL_SERVER_IP DB_NAME &amp;gt; mysql-tile.sql
&lt;/code&gt;&lt;/pre&gt;

&lt;p&gt;&lt;strong&gt;&lt;em&gt;NOTE&lt;/em&gt;&lt;/strong&gt;: If &lt;code&gt;mysqldump&lt;/code&gt; is not installed. Please install it with: &lt;code&gt;sudo apt-get install mysql-client&lt;/code&gt;.&lt;/p&gt;

&lt;h2 id=&#34;expore-the-mysql-tile-backup&#34;&gt;Expore the MySQL Tile backup&lt;/h2&gt;

&lt;p&gt;1) View the &lt;code&gt;mysql-tile.sql&lt;/code&gt; file.&lt;/p&gt;

&lt;pre&gt;&lt;code&gt;$ cat mysql-tile.sql | less
&lt;/code&gt;&lt;/pre&gt;

&lt;p&gt;2) Search for the attendee that you added with &lt;code&gt;articulate&lt;/code&gt;.&lt;/p&gt;

&lt;pre&gt;&lt;code&gt;$ cat mysql-tile.sql | grep &amp;lt;LAST-NAME&amp;gt;
&lt;/code&gt;&lt;/pre&gt;

&lt;p&gt;&lt;strong&gt;Congratulations!&lt;/strong&gt; You have backed up your Pivotal Cloud Foundry installation.&lt;/p&gt;

&lt;h2 id=&#34;beyond-the-class&#34;&gt;Beyond the Class&lt;/h2&gt;

&lt;p&gt;Review the &lt;a target=&#34;_blank&#34; href=&#34;http://docs.pivotal.io/&#34;&gt;documentation&lt;/a&gt; on how to backup your other services.&lt;/p&gt;
</description>
    </item>
    
    <item>
      <title>Backing Up Pivotal Cloud Foundry Instructor Notes</title>
      <link>/pivotal-cloud-foundry-administrator/backing-up-pivotal-cloud-foundry/notes/</link>
      <pubDate>Wed, 20 Jul 2016 09:18:50 -0500</pubDate>
      
      <guid>/pivotal-cloud-foundry-administrator/backing-up-pivotal-cloud-foundry/notes/</guid>
      <description>

&lt;h1 id=&#34;what-students-should-know&#34;&gt;What students should know&lt;/h1&gt;

&lt;p&gt;Students should know how to backup Pivotal Cloud Foundry, not only by using the &lt;code&gt;cfops&lt;/code&gt; tool, but also by understanding which compontents the tool backs up and how it performs the backup.&lt;/p&gt;

&lt;h1 id=&#34;questions&#34;&gt;Questions&lt;/h1&gt;

&lt;p&gt;After completing the lab recap, review the following questions as a class:&lt;/p&gt;

&lt;h2 id=&#34;questions-from-the-lab&#34;&gt;Questions From the Lab&lt;/h2&gt;

&lt;p&gt;&lt;strong&gt;Q:&lt;/strong&gt; &lt;em&gt;What are the critical backend components that should be backed up in a Pivotal Cloud Foundry installation?&lt;/em&gt;&lt;br&gt;
&lt;strong&gt;A:&lt;/strong&gt; The Cloud Controller Database, the UAA Database, the NFS Server, the Apps Manager database, and the Pivotal MySQL Server.&lt;/p&gt;

&lt;p&gt;&lt;strong&gt;Q:&lt;/strong&gt; &lt;em&gt;How does &lt;code&gt;cfops&lt;/code&gt; facilitate the backup of a Pivotal Cloud Foundry installation?&lt;/em&gt;&lt;br&gt;
&lt;strong&gt;A:&lt;/strong&gt; &lt;code&gt;cfops&lt;/code&gt; offers users a one-line command for backing up Ops Manager or the Elastic Runtime as an alternative to the traditional method of backup, wherein users must lookup multiple credentials and use them to backup multiple different databases.  It is both easier to manage and less error prone, making backup a straightforward, easy process.&lt;/p&gt;

&lt;p&gt;&lt;strong&gt;Q:&lt;/strong&gt; &lt;em&gt;What is displayed when you run the &lt;code&gt;list-tiles&lt;/code&gt; command?&lt;/em&gt;&lt;br&gt;
&lt;strong&gt;A:&lt;/strong&gt;&lt;/p&gt;

&lt;pre&gt;&lt;code class=&#34;language-bash&#34;&gt;pivotal@l-env11-1:~/backups$ ./cfops list-tiles
Available Tiles:
ops-manager
elastic-runtime
&lt;/code&gt;&lt;/pre&gt;

&lt;p&gt;Note that this displays the tiles that &lt;code&gt;cfops&lt;/code&gt; &lt;em&gt;can&lt;/em&gt; back up, not a list of actual tiles installed in the student&amp;rsquo;s PCF environment.  (Because they haven&amp;rsquo;t even connected to their installation yet!!)&lt;/p&gt;

&lt;p&gt;&lt;strong&gt;Q:&lt;/strong&gt; &lt;em&gt;What would happen if you omitted the &lt;code&gt;LOG_LEVEL=debug&lt;/code&gt; setting from the above commands?&lt;/em&gt;&lt;br&gt;
&lt;strong&gt;A:&lt;/strong&gt; This changes &lt;code&gt;cfops&lt;/code&gt; logging level, allowing us to see the actions that cfops is performing as it performs them. Without it, you would not know the state of your backup.&lt;/p&gt;

&lt;p&gt;&lt;strong&gt;Q:&lt;/strong&gt; &lt;em&gt;What files appear in the unzipped &lt;code&gt;releases&lt;/code&gt; folder?&lt;/em&gt; &lt;br&gt;
&lt;strong&gt;A:&lt;/strong&gt; The releases necessary for re-deploying your Pivotal Cloud Foundry instance (including those for deploying apps manager and autoscaling). These include a Cloud Foundry release, the MySQL release and backups, the release necessary for pushing Apps Manager, and more.  Here is a list of the files:&lt;/p&gt;

&lt;ul&gt;
&lt;li&gt;releases/cf-235.5.43-3232.12.0.tgz&lt;/li&gt;
&lt;li&gt;releases/notifications-ui-17.0.0-3232.12.0.tgz&lt;/li&gt;
&lt;li&gt;releases/cflinuxfs2-rootfs-1.17.0-3232.12.0.tgz&lt;/li&gt;
&lt;li&gt;releases/cf-metrics-71.tgz&lt;/li&gt;
&lt;li&gt;releases/garden-linux-0.338.0-3232.12.0.tgz&lt;/li&gt;
&lt;li&gt;releases/cf-autoscaling-34.0.0-3232.12.0.tgz&lt;/li&gt;
&lt;li&gt;releases/service-backup-14.tgz&lt;/li&gt;
&lt;li&gt;releases/mysql-backup-1.25.0.tgz&lt;/li&gt;
&lt;li&gt;releases/cf-mysql-25.2.0-3232.12.0.tgz&lt;/li&gt;
&lt;li&gt;releases/mysql-monitoring-3.tgz&lt;/li&gt;
&lt;li&gt;releases/push-apps-manager-release-629.4.0-3232.12.0.tgz&lt;/li&gt;
&lt;li&gt;releases/service-backup-1.0.0-3232.12.0.tgz&lt;/li&gt;
&lt;li&gt;releases/mysql-backup-1.0.0-3232.12.0.tgz&lt;/li&gt;
&lt;li&gt;releases/diego-0.1467.21-3232.12.0.tgz&lt;/li&gt;
&lt;li&gt;releases/notifications-24.0.0-3232.12.0.tgz&lt;/li&gt;
&lt;li&gt;releases/etcd-48.0.0-3232.12.0.tgz&lt;/li&gt;
&lt;li&gt;releases/cf-mysql-24.6.tgz&lt;/li&gt;
&lt;/ul&gt;

&lt;p&gt;&lt;strong&gt;Q:&lt;/strong&gt; &lt;em&gt;What data do the files that result from the backup of the Elastic Runtime contain?&lt;/em&gt; &lt;br&gt;
&lt;strong&gt;A:&lt;/strong&gt; The Elastic Runtime backup command creates two backup files: the nfs_server.backup and a mysql.backup (the backup of the Cloud Controller database).  The nfs_server.backup file is the Elastic Runtime blobstore.  It contains five types of data: buildpacks, application droplets, buildpack cache data, resource cache data, and application bits.  The mysql.backup will contain application usage events, notifications, and autoscaler services. Our installation is configured to use internal MySQL to store the Elastic Runtime uaa database and the cloud controller database, so the mysql.backup will also contain cloud controller data (orgs, spaces, apps, services, etc.) and user authentication data.&lt;/p&gt;

&lt;p&gt;&lt;strong&gt;Q:&lt;/strong&gt; &lt;em&gt;In order to backup the Pivotal Elastic Runtime, which Pivotal Cloud Foundry component must be stopped?  What impact does this have on the platform?&lt;/em&gt; &lt;br&gt;
&lt;strong&gt;A:&lt;/strong&gt; The Cloud Controller must be stopped.  This puts it in a read-only state, meaning that apps cannot be updated or deployed during the backup period.&lt;/p&gt;

&lt;h1 id=&#34;troubleshooting&#34;&gt;Troubleshooting&lt;/h1&gt;

&lt;p&gt;Troubleshooting guidance for the lab that instructors need to know.&lt;/p&gt;

&lt;h1 id=&#34;feedback&#34;&gt;Feedback&lt;/h1&gt;

&lt;p&gt;Please keep track of all types of feedback, so that we can make this module great.  That includes questions that students may ask that we should be answering up front, lab corrections/improvements, etc.&lt;/p&gt;

&lt;p&gt;Submit feedback to: &lt;a href=&#34;mailto:pcf-administrator-instructor-feedback@pivotal.io&#34;&gt;pcf-administrator-instructor-feedback@pivotal.io&lt;/a&gt;&lt;/p&gt;
</description>
    </item>
    
  </channel>
</rss>