<?xml version="1.0" encoding="utf-8" standalone="yes" ?>
<rss version="2.0" xmlns:atom="http://www.w3.org/2005/Atom">
  <channel>
    <title>Bosh-troubleshootings on Pivotal Cloud Foundry Administrator</title>
    <link>/pivotal-cloud-foundry-administrator/bosh-troubleshooting/</link>
    <description>Recent content in Bosh-troubleshootings on Pivotal Cloud Foundry Administrator</description>
    <generator>Hugo -- gohugo.io</generator>
    <language>en-us</language>
    <copyright>© Copyright Pivotal. All rights reserved.</copyright>
    <lastBuildDate>Wed, 20 Jul 2016 16:50:16 -0500</lastBuildDate>
    <atom:link href="/pivotal-cloud-foundry-administrator/bosh-troubleshooting/index.xml" rel="self" type="application/rss+xml" />
    
    <item>
      <title>BOSH Troubleshooting</title>
      <link>/pivotal-cloud-foundry-administrator/bosh-troubleshooting/</link>
      <pubDate>Wed, 20 Jul 2016 16:50:16 -0500</pubDate>
      
      <guid>/pivotal-cloud-foundry-administrator/bosh-troubleshooting/</guid>
      <description>

&lt;p&gt;Estimated time: 1 hour&lt;/p&gt;

&lt;h1 id=&#34;requirements&#34;&gt;Requirements&lt;/h1&gt;

&lt;p&gt;&lt;a href=&#34;../requirements&#34;&gt;Lab Requirements&lt;/a&gt;&lt;/p&gt;

&lt;h1 id=&#34;what-you-will-learn&#34;&gt;What you will learn&lt;/h1&gt;

&lt;ul&gt;
&lt;li&gt;How to troubleshoot problems with BOSH&lt;/li&gt;
&lt;/ul&gt;

&lt;h1 id=&#34;exercises&#34;&gt;Exercises&lt;/h1&gt;

&lt;h2 id=&#34;going-deeper-with-ops-manager&#34;&gt;Going Deeper with Ops Manager&lt;/h2&gt;

&lt;p&gt;1) &lt;code&gt;ssh&lt;/code&gt; to Ops Mgr.&lt;/p&gt;

&lt;p&gt;You can do this from your local machine or the Remote Desktop with PuTTY. (Make sure to change the number to match your environment).&lt;/p&gt;

&lt;p&gt;&lt;code&gt;PuTTY Tip:&lt;/code&gt; Right-clicking in the PuTTY session window will paste the contents of the clipboard.  Control-v does &lt;em&gt;not&lt;/em&gt; work.&lt;/p&gt;

&lt;p&gt;For example:&lt;/p&gt;

&lt;pre&gt;&lt;code&gt;$ ssh ubuntu@opsmgr-02.haas-66.pez.pivotal.io
&lt;/code&gt;&lt;/pre&gt;

&lt;p&gt;2) Explore key directories.&lt;/p&gt;

&lt;p&gt;Ops Manager is a rails application.  It is installed as a service called &lt;code&gt;tempest-web&lt;/code&gt;.&lt;/p&gt;

&lt;p&gt;Ops Manager is started out of the &lt;code&gt;/home/tempest-web&lt;/code&gt; directory:&lt;/p&gt;

&lt;pre&gt;&lt;code&gt;$ ls /home/tempest-web
&lt;/code&gt;&lt;/pre&gt;

&lt;p&gt;Ops Manager uses the &lt;code&gt;/var/tempest&lt;/code&gt; directory to store installation components:&lt;/p&gt;

&lt;pre&gt;&lt;code&gt;$ ls /var/tempest
&lt;/code&gt;&lt;/pre&gt;

&lt;h3 id=&#34;questions&#34;&gt;Questions&lt;/h3&gt;

&lt;ul&gt;
&lt;li&gt;What are some items located within the &lt;code&gt;/home/tempest-web&lt;/code&gt; directory?&lt;/li&gt;
&lt;li&gt;What are some items located within the &lt;code&gt;/var/tempest&lt;/code&gt; directory?&lt;/li&gt;
&lt;/ul&gt;

&lt;h2 id=&#34;restarting-ops-manager&#34;&gt;Restarting Ops Manager&lt;/h2&gt;

&lt;p&gt;If your Ops Manager application becomes unresponsive, you may need to restart it.&lt;/p&gt;

&lt;p&gt;&lt;strong&gt;DO NOT DO THIS IF YOU HAVE AN UPDATE/INSTALL RUNNING&lt;/strong&gt;&lt;/p&gt;

&lt;p&gt;1) Restart Ops Manager.&lt;/p&gt;

&lt;pre&gt;&lt;code&gt;$ sudo service tempest-web stop
&lt;/code&gt;&lt;/pre&gt;

&lt;p&gt;2) Browse to Ops Manager.  You should get a &lt;a target=&#34;_blank&#34; href=&#34;https://en.wikipedia.org/wiki/List_of_HTTP_status_codes#5xx_Server_Error&#34;&gt;&lt;code&gt;502 Bad Gateway&lt;/code&gt;&lt;/a&gt; response.&lt;/p&gt;

&lt;p&gt;3) To resolve the problem start the &lt;code&gt;tempest-web&lt;/code&gt; process.&lt;/p&gt;

&lt;pre&gt;&lt;code&gt;$ sudo service tempest-web start
&lt;/code&gt;&lt;/pre&gt;

&lt;p&gt;If you receive the message: &lt;code&gt;nohup: redirecting stderr to stdout&lt;/code&gt;, you can safely &lt;code&gt;Control + C&lt;/code&gt; to return you back to the prompt.&lt;/p&gt;

&lt;p&gt;4) Browse to Ops Manager.  You will be prompted to enter your decryption passphrase.&lt;/p&gt;

&lt;p&gt;&lt;img src=&#34;../resources/images/decrypt.png&#34; alt=&#34;Decrypt&#34; /&gt;&lt;/p&gt;

&lt;p&gt;5) Login to Ops Manager.&lt;/p&gt;

&lt;h2 id=&#34;ops-manager-debug-endpoints&#34;&gt;Ops Manager Debug Endpoints&lt;/h2&gt;

&lt;p&gt;Ops Manager has a &lt;code&gt;debug&lt;/code&gt; endpoint that can be useful when filing bug reports or troubleshooting.&lt;/p&gt;

&lt;p&gt;1) Navigate to &lt;code&gt;https://&amp;lt;YOUR_OPS_MGR&amp;gt;/debug&lt;/code&gt;&lt;/p&gt;

&lt;ul&gt;
&lt;li&gt;&lt;strong&gt;Files:&lt;/strong&gt; contains a yml representation of your installation.&lt;/li&gt;
&lt;li&gt;&lt;strong&gt;Product Metadata:&lt;/strong&gt; shows a summary of all installed components/tiles and their configuration.&lt;/li&gt;
&lt;li&gt;&lt;strong&gt;Rails log:&lt;/strong&gt; shows a recent tail of the logs for the rails application.&lt;/li&gt;
&lt;/ul&gt;

&lt;h2 id=&#34;using-bosh&#34;&gt;Using Bosh&lt;/h2&gt;

&lt;p&gt;1) Review the documentation on &lt;a target=&#34;_blank&#34; href=&#34;http://docs.pivotal.io/pivotalcf/customizing/trouble-advanced.html&#34;&gt;Advanced Troubleshooting&lt;/a&gt;.&lt;/p&gt;

&lt;p&gt;2) Browse to the &lt;code&gt;Status&lt;/code&gt; tab of the &lt;code&gt;Ops Manager Director&lt;/code&gt; tile and record the IP.&lt;/p&gt;

&lt;p&gt;&lt;img src=&#34;../resources/images/ops-mgr-job-ip.png&#34; alt=&#34;Director IP&#34; /&gt;&lt;/p&gt;

&lt;p&gt;3) Browse to the &lt;code&gt;Credentials&lt;/code&gt; tab of the &lt;code&gt;Ops Manager Director&lt;/code&gt; tile.&lt;/p&gt;

&lt;p&gt;Click &lt;code&gt;Link to Credential&lt;/code&gt; and record the Director Credentials.&lt;/p&gt;

&lt;p&gt;&lt;img src=&#34;../resources/images/bosh-creds.png&#34; alt=&#34;BOSH Credentials&#34; /&gt;&lt;/p&gt;

&lt;p&gt;4) From within the Ops Manager web application VM (ubuntu@pivotal-ops-manager), &lt;a target=&#34;_blank&#34; href=&#34;https://bosh.io/docs/sysadmin-commands.html#director&#34;&gt;target&lt;/a&gt; the &lt;code&gt;bosh&lt;/code&gt; CLI.&lt;/p&gt;

&lt;pre&gt;&lt;code&gt;$ bosh --ca-cert /var/tempest/workspaces/default/root_ca_certificate target &amp;lt;IP-ADDRESS-FROM-STEP-2&amp;gt;
&lt;/code&gt;&lt;/pre&gt;

&lt;p&gt;Use the credentials from &lt;code&gt;Step 3&lt;/code&gt; to log in.&lt;/p&gt;

&lt;h2 id=&#34;explore-the-bosh-cli&#34;&gt;Explore the &lt;code&gt;bosh&lt;/code&gt; CLI&lt;/h2&gt;

&lt;p&gt;1) View the &lt;a target=&#34;_blank&#34; href=&#34;https://bosh.io/docs/sysadmin-commands.html#deployment&#34;&gt;deployments&lt;/a&gt;.&lt;/p&gt;

&lt;p&gt;Take note of the &lt;code&gt;cf-&amp;lt;GUID&amp;gt;&lt;/code&gt; depoyment.&lt;/p&gt;

&lt;pre&gt;&lt;code&gt;$ bosh deployments
&lt;/code&gt;&lt;/pre&gt;

&lt;p&gt;2) &lt;a target=&#34;_blank&#34; href=&#34;https://bosh.io/docs/sysadmin-commands.html#health&#34;&gt;View the VMs&lt;/a&gt; for each deployment.&lt;/p&gt;

&lt;p&gt;Details and vitals can also be included.&lt;/p&gt;

&lt;pre&gt;&lt;code&gt;$ bosh vms
$ bosh vms --details --vitals
&lt;/code&gt;&lt;/pre&gt;

&lt;p&gt;3) Review the documentation on &lt;a target=&#34;_blank&#34; href=&#34;http://docs.pivotal.io/pivotalcf/customizing/trouble-advanced.html#product&#34;&gt;selecting a deployment to troubleshoot&lt;/a&gt;.&lt;/p&gt;

&lt;p&gt;4) Set the &lt;code&gt;cf-&amp;lt;GUID&amp;gt;&lt;/code&gt; deployment as the active deployment to work with.&lt;/p&gt;

&lt;p&gt;You may see several &lt;code&gt;cf-&amp;lt;GUID&amp;gt;&lt;/code&gt; deployment files.  Select the one that matches what you found in &lt;code&gt;Step 1&lt;/code&gt;.&lt;/p&gt;

&lt;p&gt;For example:&lt;/p&gt;

&lt;pre&gt;&lt;code&gt;$ bosh deployment /var/tempest/workspaces/default/deployments/cf-f9931f31b2705d13e449.yml
&lt;/code&gt;&lt;/pre&gt;

&lt;p&gt;5) Review the &lt;a target=&#34;_blank&#34; href=&#34;https://bosh.io/docs/sysadmin-commands.html#director&#34;&gt;status&lt;/a&gt;.&lt;/p&gt;

&lt;pre&gt;&lt;code&gt;$ bosh status
&lt;/code&gt;&lt;/pre&gt;

&lt;p&gt;6) Review the &lt;a target=&#34;_blank&#34; href=&#34;https://bosh.io/docs/sysadmin-commands.html#health&#34;&gt;process information&lt;/a&gt; for the &lt;code&gt;cf-&amp;lt;GUID&amp;gt;&lt;/code&gt; deployment.&lt;/p&gt;

&lt;pre&gt;&lt;code&gt;$ bosh instances --ps
&lt;/code&gt;&lt;/pre&gt;

&lt;h3 id=&#34;questions-1&#34;&gt;Questions&lt;/h3&gt;

&lt;ul&gt;
&lt;li&gt;What are the deployments that BOSH is managing.&lt;/li&gt;
&lt;li&gt;Where in Ops Manager are the vitals exposed for a deployment?&lt;/li&gt;
&lt;/ul&gt;

&lt;h2 id=&#34;bosh-resurrector&#34;&gt;BOSH Resurrector&lt;/h2&gt;

&lt;p&gt;1) Review the documentation on &lt;a target=&#34;_blank&#34; href=&#34;http://docs.cloudfoundry.org/bosh/disaster-recovery.html&#34;&gt;disaster recovery&lt;/a&gt;.&lt;/p&gt;

&lt;p&gt;2) From the Remote Desktop, login to vCenter.&lt;/p&gt;

&lt;p&gt;3) Delete the &lt;code&gt;router&lt;/code&gt; VM.&lt;/p&gt;

&lt;p&gt;To find it easily, select the &lt;code&gt;Hosts and Cluster&lt;/code&gt; view.  On the left hand navigation, expand your vCenter IP address and &lt;code&gt;Datacenter&lt;/code&gt; and select your RP[NN].&lt;/p&gt;

&lt;p&gt;&lt;img src=&#34;../resources/images/host-and-cluster-view.png&#34; alt=&#34;View&#34; /&gt;&lt;/p&gt;

&lt;p&gt;Open the &lt;code&gt;Virtual Machines&lt;/code&gt; tab and scroll to the right and use the &lt;code&gt;job&lt;/code&gt; column.&lt;/p&gt;

&lt;ol&gt;
&lt;li&gt;Right click on the VM&lt;/li&gt;
&lt;li&gt;Select &lt;code&gt;Power&lt;/code&gt; → &lt;code&gt;Power Off&lt;/code&gt;&lt;/li&gt;
&lt;li&gt;Right click on the VM&lt;/li&gt;
&lt;li&gt;Select &lt;code&gt;Delete from Disk&lt;/code&gt;&lt;/li&gt;
&lt;/ol&gt;

&lt;p&gt;&lt;img src=&#34;../resources/images/delete-router.png&#34; alt=&#34;Delete Router&#34; /&gt;&lt;/p&gt;

&lt;p&gt;4) View the health of the deployment and watch it recover.&lt;/p&gt;

&lt;pre&gt;&lt;code&gt;$ bosh vms cf-&amp;lt;GUID&amp;gt;
&lt;/code&gt;&lt;/pre&gt;

&lt;p&gt;You can also monitor the vCenter Task pane to see the VM being recreated.&lt;/p&gt;

&lt;p&gt;&lt;img src=&#34;../resources/images/task-pane.png&#34; alt=&#34;Task Pane&#34; /&gt;&lt;/p&gt;

&lt;h3 id=&#34;questions-2&#34;&gt;Questions&lt;/h3&gt;

&lt;ul&gt;
&lt;li&gt;How is this different from how you would recover in the same situation today?&lt;/li&gt;
&lt;/ul&gt;

&lt;h2 id=&#34;bosh-cloudcheck&#34;&gt;Bosh Cloudcheck&lt;/h2&gt;

&lt;p&gt;1) Turn the &lt;a target=&#34;_blank&#34; href=&#34;https://bosh.io/docs/sysadmin-commands.html#health&#34;&gt;resurrector off&lt;/a&gt;. Further reading on the Bosh resurrector is available &lt;a target=&#34;_blankn&#34; href=&#34;http://bosh.io/docs/resurrector.html&#34;&gt;here&lt;/a&gt;.&lt;/p&gt;

&lt;pre&gt;&lt;code&gt;$ bosh vm resurrection off
&lt;/code&gt;&lt;/pre&gt;

&lt;p&gt;2) Delete the &lt;code&gt;router&lt;/code&gt; VM again.&lt;/p&gt;

&lt;p&gt;3) View the health of the deployment.&lt;/p&gt;

&lt;pre&gt;&lt;code&gt;$ bosh vms cf-&amp;lt;GUID&amp;gt;
&lt;/code&gt;&lt;/pre&gt;

&lt;p&gt;4) Use &lt;a target=&#34;_blank&#34; href=&#34;http://bosh.io/docs/disaster-recovery.html#manual&#34;&gt;BOSH Cloudcheck&lt;/a&gt; to recover &lt;a target=&#34;_blank&#34; href=&#34;https://bosh.io/docs/sysadmin-commands.html#health&#34;&gt;manually&lt;/a&gt;.&lt;/p&gt;

&lt;p&gt;When prompted choose the option &lt;code&gt;Recreate VM&lt;/code&gt;.&lt;/p&gt;

&lt;pre&gt;&lt;code&gt;$ bosh cck
&lt;/code&gt;&lt;/pre&gt;

&lt;p&gt;5) Confirm the health of the deployment.&lt;/p&gt;

&lt;pre&gt;&lt;code&gt;$ bosh vms cf-&amp;lt;GUID&amp;gt;
&lt;/code&gt;&lt;/pre&gt;

&lt;p&gt;6) Turn the resurrector on.&lt;/p&gt;

&lt;pre&gt;&lt;code&gt;$ bosh vm resurrection on
&lt;/code&gt;&lt;/pre&gt;

&lt;h3 id=&#34;questions-3&#34;&gt;Questions&lt;/h3&gt;

&lt;ul&gt;
&lt;li&gt;What items does &lt;code&gt;bosh cck&lt;/code&gt; scan?&lt;/li&gt;
&lt;/ul&gt;

&lt;h2 id=&#34;bosh-logging&#34;&gt;Bosh Logging&lt;/h2&gt;

&lt;p&gt;1) Get the agent and job &lt;a target=&#34;_blank&#34; href=&#34;https://bosh.io/docs/sysadmin-commands.html#logs&#34;&gt;logs&lt;/a&gt; for the Cloud Controller.&lt;/p&gt;

&lt;p&gt;(make sure you are in your root directory when running the following commands)&lt;/p&gt;

&lt;p&gt;Get the values for the parameters with &lt;code&gt;bosh vms&lt;/code&gt;.&lt;/p&gt;

&lt;p&gt;For Example:&lt;/p&gt;

&lt;pre&gt;&lt;code&gt;$ bosh logs --agent cloud_controller-partition-76b1edb0930bd9164d8e 0
$ bosh logs --job cloud_controller-partition-76b1edb0930bd9164d8e 0
&lt;/code&gt;&lt;/pre&gt;

&lt;p&gt;2) Download the logs to examine them.&lt;/p&gt;

&lt;p&gt;Use an SCP client of your choosing (&lt;code&gt;scp&lt;/code&gt;, &lt;a target=&#34;_blank&#34; href=&#34;http://www.putty.org&#34;&gt;PuTTY&lt;/a&gt;, &lt;a target=&#34;_blank&#34; href=&#34;https://winscp.net/eng/download.php&#34;&gt;WinSCP&lt;/a&gt;).&lt;/p&gt;

&lt;p&gt;The following are instructions for WinSCP, which you can use from your remote desktop:&lt;/p&gt;

&lt;p&gt;From your desktop click on the WinSCP shortcut.&lt;/p&gt;

&lt;p&gt;In the form, enter the following values (if a value is not specified, accept the defaults).&lt;/p&gt;

&lt;table&gt;
&lt;thead&gt;
&lt;tr&gt;
&lt;th align=&#34;left&#34;&gt;Field&lt;/th&gt;
&lt;th align=&#34;left&#34;&gt;Value&lt;/th&gt;
&lt;/tr&gt;
&lt;/thead&gt;

&lt;tbody&gt;
&lt;tr&gt;
&lt;td align=&#34;left&#34;&gt;File protocal&lt;/td&gt;
&lt;td align=&#34;left&#34;&gt;SCP&lt;/td&gt;
&lt;/tr&gt;

&lt;tr&gt;
&lt;td align=&#34;left&#34;&gt;Host name&lt;/td&gt;
&lt;td align=&#34;left&#34;&gt;opsmgr-[NN].haas-66.pez.pivotal.io&lt;/td&gt;
&lt;/tr&gt;

&lt;tr&gt;
&lt;td align=&#34;left&#34;&gt;User name&lt;/td&gt;
&lt;td align=&#34;left&#34;&gt;ubuntu&lt;/td&gt;
&lt;/tr&gt;

&lt;tr&gt;
&lt;td align=&#34;left&#34;&gt;password&lt;/td&gt;
&lt;td align=&#34;left&#34;&gt;(provided by your instructor)&lt;/td&gt;
&lt;/tr&gt;
&lt;/tbody&gt;
&lt;/table&gt;

&lt;p&gt;&lt;img src=&#34;../resources/images/win-scp.png&#34; alt=&#34;WinSCP&#34; /&gt;&lt;/p&gt;

&lt;p&gt;Click &lt;code&gt;Login&lt;/code&gt;.&lt;/p&gt;

&lt;p&gt;Download the logs you have created by selecting the file and clicking &lt;code&gt;Download&lt;/code&gt;.&lt;/p&gt;

&lt;p&gt;&lt;img src=&#34;../resources/images/download-log.png&#34; alt=&#34;download-log&#34; /&gt;&lt;/p&gt;

&lt;p&gt;Unpack the logs and explore!&lt;/p&gt;

&lt;h3 id=&#34;question&#34;&gt;Question&lt;/h3&gt;

&lt;ul&gt;
&lt;li&gt;Are these logs equivalent to those downloadable via Ops Manager?&lt;/li&gt;
&lt;/ul&gt;

&lt;h2 id=&#34;monit-basics&#34;&gt;Monit basics&lt;/h2&gt;

&lt;p&gt;Bosh uses &lt;a target=&#34;_blank&#34; href=&#34;http://mmonit.com/monit&#34;&gt;monit&lt;/a&gt; to manage &lt;a target=&#34;_blank&#34; href=&#34;https://bosh.io/docs/vm-monit.html#using-monit&#34;&gt;running processes&lt;/a&gt; on VMs.&lt;/p&gt;

&lt;p&gt;1) Review the directions on &lt;a target=&#34;_blank&#34; href=&#34;http://docs.pivotal.io/pivotalcf/customizing/trouble-advanced.html#bosh-ssh&#34;&gt;&lt;code&gt;bosh ssh&lt;/code&gt;&lt;/a&gt;.&lt;/p&gt;

&lt;p&gt;2) &lt;code&gt;bosh ssh&lt;/code&gt; to ssh into a Diego cell.&lt;/p&gt;

&lt;pre&gt;&lt;code&gt;$ bosh ssh
&lt;/code&gt;&lt;/pre&gt;

&lt;p&gt;3) Switch to &lt;code&gt;root&lt;/code&gt;.&lt;/p&gt;

&lt;pre&gt;&lt;code&gt;$ sudo -i
&lt;/code&gt;&lt;/pre&gt;

&lt;p&gt;3) Explore the &lt;code&gt;/var/vcap&lt;/code&gt; directory.&lt;/p&gt;

&lt;p&gt;This is the main directory where bosh installs everything.&lt;/p&gt;

&lt;pre&gt;&lt;code&gt;$ ls /var/vcap
&lt;/code&gt;&lt;/pre&gt;

&lt;p&gt;4) Pull a monit summary.&lt;/p&gt;

&lt;pre&gt;&lt;code&gt;$ /var/vcap/bosh/bin/monit summary
&lt;/code&gt;&lt;/pre&gt;

&lt;p&gt;5) Pull a monit status.&lt;/p&gt;

&lt;pre&gt;&lt;code&gt;$ /var/vcap/bosh/bin/monit status
&lt;/code&gt;&lt;/pre&gt;

&lt;p&gt;6) Locate the &lt;code&gt;pid&lt;/code&gt; from the &lt;code&gt;monit status&lt;/code&gt; output.&lt;/p&gt;

&lt;p&gt;&lt;img src=&#34;../resources/images/bosh-troubleshooting-rep-pid.png&#34; alt=&#34;Rep PID&#34; /&gt;&lt;/p&gt;

&lt;p&gt;7) Kill the &lt;code&gt;rep&lt;/code&gt; process.&lt;/p&gt;

&lt;pre&gt;&lt;code&gt;$ kill -9 &amp;lt;pid&amp;gt;
&lt;/code&gt;&lt;/pre&gt;

&lt;p&gt;8) Watch monit recover the process.&lt;/p&gt;

&lt;p&gt;This will happen quickly, so move quickly or open multiple terminal windows and start the &lt;code&gt;watch&lt;/code&gt; before killing the process.&lt;/p&gt;

&lt;pre&gt;&lt;code&gt;$ watch /var/vcap/bosh/bin/monit summary
&lt;/code&gt;&lt;/pre&gt;

&lt;p&gt;&lt;code&gt;Control + C&lt;/code&gt; to stop the &lt;code&gt;watch&lt;/code&gt;.&lt;/p&gt;

&lt;p&gt;9) Repeat killing the &lt;code&gt;rep&lt;/code&gt; process and view the effects in &lt;code&gt;Pivotal Elastic Runtime&lt;/code&gt; tile &lt;code&gt;Status&lt;/code&gt; tab within Ops Manager.&lt;/p&gt;

&lt;p&gt;&lt;img src=&#34;../resources/images/rep-down.png&#34; alt=&#34;Rep Down&#34; /&gt;&lt;/p&gt;

&lt;h3 id=&#34;questions-4&#34;&gt;Questions&lt;/h3&gt;

&lt;ul&gt;
&lt;li&gt;How would you temporarily stop the monitoring of a process?&lt;/li&gt;
&lt;/ul&gt;

&lt;h2 id=&#34;cleanup&#34;&gt;Cleanup&lt;/h2&gt;

&lt;p&gt;1) Exit the &lt;code&gt;bosh ssh&lt;/code&gt; session and the Ops Manager VM &lt;code&gt;ssh&lt;/code&gt; session.&lt;/p&gt;

&lt;h2 id=&#34;beyond-the-class&#34;&gt;Beyond the class&lt;/h2&gt;

&lt;p&gt;Learn more about using BOSH to troubleshoot a PCF installation.  &lt;a href= &#34;https://blog.pivotal.io/labs/labs/troubleshooting-bosh-releasesdeployments&#34; target=&#34;_blank&#34;&gt;This blog &lt;/a&gt; is a great starting point.&lt;/p&gt;
</description>
    </item>
    
    <item>
      <title>BOSH Troubleshooting Instructor Notes</title>
      <link>/pivotal-cloud-foundry-administrator/bosh-troubleshooting/notes/</link>
      <pubDate>Wed, 20 Jul 2016 09:18:50 -0500</pubDate>
      
      <guid>/pivotal-cloud-foundry-administrator/bosh-troubleshooting/notes/</guid>
      <description>

&lt;h1 id=&#34;what-students-should-know&#34;&gt;What students should know&lt;/h1&gt;

&lt;p&gt;Students should begin to understand how BOSH manages their Cloud Foundry installation and to see that it is the basis for Ops Manager.  That means that they should know:&lt;/p&gt;

&lt;ul&gt;
&lt;li&gt;That BOSH is managing several &lt;code&gt;deployments&lt;/code&gt; (for students, Cloud Foundry, Metrics, and p-MySQL)&lt;/li&gt;
&lt;li&gt;Those deployments are defined by YAML files (in the &lt;code&gt;/var/tempest/workspaces/default/deployments/&lt;/code&gt; folder)&lt;/li&gt;
&lt;li&gt;The deployments are made up of processes running on different VMs.&lt;/li&gt;
&lt;/ul&gt;

&lt;p&gt;Also important: growing familiarity with the BOSH CLI and ability to use CLI commands to troubleshoot an installation.  Students should learn how to&lt;/p&gt;

&lt;ul&gt;
&lt;li&gt;target their director and login&lt;/li&gt;
&lt;li&gt;target a deployment and view running processes&lt;/li&gt;
&lt;li&gt;use monit, &lt;code&gt;bosh cck&lt;/code&gt;, and &lt;code&gt;bosh logs&lt;/code&gt;.&lt;/li&gt;
&lt;/ul&gt;

&lt;h1 id=&#34;questions&#34;&gt;Questions&lt;/h1&gt;

&lt;p&gt;After completing the lab recap, review the following questions as a class:&lt;/p&gt;

&lt;h2 id=&#34;general-discussion-questions&#34;&gt;General Discussion Questions&lt;/h2&gt;

&lt;p&gt;&lt;strong&gt;Q:&lt;/strong&gt; &lt;em&gt;How does the information available in BOSH overlap with information we have already seen in Ops Manager? What additional capabilities does BOSH give you?&lt;/em&gt;&lt;br&gt;
&lt;strong&gt;A:&lt;/strong&gt; BOSH is the basis for Ops Manager. Both display deployments, VM information, and logs.&lt;/p&gt;

&lt;p&gt;With BOSH, a user can target and troubleshoot deployments and VMs in more fine-grained way than with Ops Manager.  For instance, a user can stop and restart individual VMs using BOSH, or turn on resurrector with a single command (using Ops Manager, a user would have to change the Elastic Runtime configuration and update the entire installation).&lt;/p&gt;

&lt;p&gt;(The above are just preliminary answers; this question can and should be the subject of longer discussion).&lt;/p&gt;

&lt;h2 id=&#34;questions-from-the-lab&#34;&gt;Questions From the Lab&lt;/h2&gt;

&lt;p&gt;&lt;strong&gt;Q:&lt;/strong&gt; &lt;em&gt;What are some items located within the &lt;code&gt;/home/tempest-web&lt;/code&gt; directory?&lt;/em&gt;&lt;br&gt;
&lt;strong&gt;A:&lt;/strong&gt; The UAA (User Account and Authentication) Server and the ruby Tempest application.&lt;/p&gt;

&lt;p&gt;&lt;strong&gt;Q:&lt;/strong&gt; &lt;em&gt;What are some items located within the &lt;code&gt;/var/tempest&lt;/code&gt; directory?&lt;/em&gt;&lt;br&gt;
&lt;strong&gt;A:&lt;/strong&gt; The /var/tempest directory contains stemcells and releases; in the /workspaces/default directory (in the /var/tempest directory) you&amp;rsquo;ll find the files (YAML files) that define the various bosh deployments.&lt;/p&gt;

&lt;p&gt;&lt;strong&gt;Q:&lt;/strong&gt; &lt;em&gt;What are the deployments that BOSH is managing.&lt;/em&gt;&lt;br&gt;
&lt;strong&gt;A:&lt;/strong&gt; cf-&lt;GUID&gt;, p-metrics-&lt;GUID&gt;, and p-mysql-&lt;GUID&gt; (deployments are for Cloud Foundry, the JMX Bridge, and MySQL, respectively).&lt;/p&gt;

&lt;p&gt;&lt;strong&gt;Q:&lt;/strong&gt; &lt;em&gt;Where in Ops Manager are the vitals exposed for a deployment?&lt;/em&gt; &lt;br&gt;
&lt;strong&gt;A:&lt;/strong&gt; In Ops Manager, deployment information can be seen under the &lt;code&gt;Status&lt;/code&gt; tab for a tile.  They are also accessible in BOSH by targeting a specific deployment (using the manifest), and using the &lt;code&gt;$ bosh instances&lt;/code&gt; commands. (A user can run &lt;code&gt;$ bosh vms&lt;/code&gt; to see the status of all deployments).&lt;/p&gt;

&lt;p&gt;&lt;strong&gt;Q:&lt;/strong&gt; &lt;em&gt;How is this different from how you would recover in the same situation today?&lt;/em&gt;&lt;br&gt;
&lt;strong&gt;A:&lt;/strong&gt;&lt;/p&gt;

&lt;p&gt;&lt;strong&gt;Q:&lt;/strong&gt; &lt;em&gt;What items does &lt;code&gt;bosh cck&lt;/code&gt; scan?&lt;/em&gt;&lt;br&gt;
&lt;strong&gt;A:&lt;/strong&gt; &lt;code&gt;bosh cck&lt;/code&gt; scans the vms and persistent disks in the targeted deployment, looking for differences between the VM state database that the Director maintains and the actual state of the VMs. For each difference the scan detects, bosh cck offers possible repair options.&lt;/p&gt;

&lt;p&gt;&lt;strong&gt;Q:&lt;/strong&gt; &lt;em&gt;Are these logs equivalent to those downloadable via Ops Manager?&lt;/em&gt;&lt;br&gt;
&lt;strong&gt;A:&lt;/strong&gt; Yes.&lt;/p&gt;

&lt;p&gt;&lt;strong&gt;Q:&lt;/strong&gt; &lt;em&gt;How would you temporarily stop the monitoring of a process?&lt;/em&gt;&lt;br&gt;
&lt;strong&gt;A:&lt;/strong&gt; You can run &lt;code&gt;$ monit stop PROCESS-NAME&lt;/code&gt;, and to restart, you can run &lt;code&gt;$ monit start PROCESS-NAME&lt;/code&gt;&lt;/p&gt;

&lt;h1 id=&#34;troubleshooting&#34;&gt;Troubleshooting&lt;/h1&gt;

&lt;p&gt;If a student is having trouble with VMs resurrection, use &lt;code&gt;--details&lt;/code&gt; to see the current resurrection flag status on the vms&lt;/p&gt;

&lt;p&gt;If students have trouble downloading their BOSH logs, make sure they are in the home directory (they won&amp;rsquo;t be able to write to the directory where they have their [deployment].yml files).&lt;/p&gt;

&lt;h1 id=&#34;feedback&#34;&gt;Feedback&lt;/h1&gt;

&lt;p&gt;Please keep track of all types of feedback, so that we can make this module great.  That includes questions that students may ask that we should be answering up front, lab corrections/improvements, etc.&lt;/p&gt;

&lt;p&gt;Submit feedback to: &lt;a href=&#34;mailto:pcf-administrator-instructor-feedback@pivotal.io&#34;&gt;pcf-administrator-instructor-feedback@pivotal.io&lt;/a&gt;&lt;/p&gt;
</description>
    </item>
    
  </channel>
</rss>