<?xml version="1.0" encoding="utf-8" standalone="yes" ?>
<rss version="2.0" xmlns:atom="http://www.w3.org/2005/Atom">
  <channel>
    <title>Deploying-with-boshes on Pivotal Cloud Foundry Administrator</title>
    <link>/pivotal-cloud-foundry-administrator/deploying-with-bosh/</link>
    <description>Recent content in Deploying-with-boshes on Pivotal Cloud Foundry Administrator</description>
    <generator>Hugo -- gohugo.io</generator>
    <language>en-us</language>
    <copyright>© Copyright Pivotal. All rights reserved.</copyright>
    <lastBuildDate>Wed, 20 Jul 2016 15:33:01 -0500</lastBuildDate>
    <atom:link href="/pivotal-cloud-foundry-administrator/deploying-with-bosh/index.xml" rel="self" type="application/rss+xml" />
    
    <item>
      <title>Deploying with BOSH</title>
      <link>/pivotal-cloud-foundry-administrator/deploying-with-bosh/</link>
      <pubDate>Wed, 20 Jul 2016 15:33:01 -0500</pubDate>
      
      <guid>/pivotal-cloud-foundry-administrator/deploying-with-bosh/</guid>
      <description>

&lt;p&gt;Estimated time: 60 minutes&lt;/p&gt;

&lt;h1 id=&#34;requirements&#34;&gt;Requirements&lt;/h1&gt;

&lt;p&gt;&lt;a href=&#34;../requirements&#34;&gt;Lab Requirements&lt;/a&gt;&lt;/p&gt;

&lt;h1 id=&#34;what-you-will-learn&#34;&gt;What you will learn&lt;/h1&gt;

&lt;ul&gt;
&lt;li&gt;How to deploy with BOSH&lt;/li&gt;
&lt;/ul&gt;

&lt;h1 id=&#34;exercises&#34;&gt;Exercises&lt;/h1&gt;

&lt;h2 id=&#34;overview&#34;&gt;Overview&lt;/h2&gt;

&lt;p&gt;In this lab, you will deploy the OSS Datadog Nozzle with BOSH. The nozzle will consume the firehose output and stream metrics to Datadog from your Pivotal Cloud Foundry installation.&lt;/p&gt;

&lt;h2 id=&#34;clone-the-github-repository&#34;&gt;Clone the GitHub Repository&lt;/h2&gt;

&lt;p&gt;1) &lt;code&gt;ssh&lt;/code&gt; to the &lt;strong&gt;Ubuntu Jumpbox&lt;/strong&gt;.&lt;/p&gt;

&lt;p&gt;Use Remote Desktop to start a &lt;code&gt;PuTTY&lt;/code&gt; session.&lt;/p&gt;

&lt;p&gt;Host: &lt;code&gt;10.193.[envSpecific octet].5&lt;/code&gt;&lt;br&gt;
User: &lt;code&gt;pivotal&lt;/code&gt;&lt;br&gt;
Password: [ENVIRONMENT_PASSWORD]&lt;br&gt;&lt;/p&gt;

&lt;p&gt;2) Change to the home directory.&lt;/p&gt;

&lt;pre&gt;&lt;code&gt;$ cd ~
&lt;/code&gt;&lt;/pre&gt;

&lt;p&gt;3) Clone the repository.&lt;/p&gt;

&lt;pre&gt;&lt;code&gt;$ git clone https://github.com/cloudfoundry-incubator/datadog-firehose-nozzle-release
&lt;/code&gt;&lt;/pre&gt;

&lt;h2 id=&#34;create-and-upload-a-release&#34;&gt;Create and Upload a Release&lt;/h2&gt;

&lt;p&gt;1) Review the documentation on &lt;a target=&#34;_blank&#34; href=&#34;https://bosh.io/docs/release.html&#34;&gt;What is a release?&lt;/a&gt;&lt;/p&gt;

&lt;p&gt;2) Change directories.&lt;/p&gt;

&lt;pre&gt;&lt;code&gt;$ cd datadog-firehose-nozzle-release
&lt;/code&gt;&lt;/pre&gt;

&lt;p&gt;3) &lt;a target=&#34;_blank&#34; href=&#34;https://bosh.io/docs/sysadmin-commands.html#main-release&#34;&gt;Create the release&lt;/a&gt;.&lt;/p&gt;

&lt;pre&gt;&lt;code&gt;$ bosh create release releases/datadog-firehose-nozzle/datadog-firehose-nozzle-12.yml --with-tarball
&lt;/code&gt;&lt;/pre&gt;

&lt;p&gt;4) &lt;a target=&#34;_blank&#34; href=&#34;https://bosh.io/docs/sysadmin-commands.html#dir-release&#34;&gt;View the releases&lt;/a&gt;.&lt;/p&gt;

&lt;pre&gt;&lt;code&gt;$ bosh releases
&lt;/code&gt;&lt;/pre&gt;

&lt;p&gt;5) &lt;a target=&#34;_blank&#34; href=&#34;https://bosh.io/docs/sysadmin-commands.html#main-release&#34;&gt;Upload the release&lt;/a&gt;.&lt;/p&gt;

&lt;pre&gt;&lt;code&gt;$ bosh upload release releases/datadog-firehose-nozzle/datadog-firehose-nozzle-12.tgz
&lt;/code&gt;&lt;/pre&gt;

&lt;p&gt;6) &lt;a target=&#34;_blank&#34; href=&#34;https://bosh.io/docs/sysadmin-commands.html#dir-release&#34;&gt;View the releases&lt;/a&gt;.&lt;/p&gt;

&lt;pre&gt;&lt;code&gt;$ bosh releases
&lt;/code&gt;&lt;/pre&gt;

&lt;h3 id=&#34;questions&#34;&gt;Questions&lt;/h3&gt;

&lt;ul&gt;
&lt;li&gt;What are some of the concerns addressed by releases?&lt;/li&gt;
&lt;/ul&gt;

&lt;h2 id=&#34;download-the-stemcell&#34;&gt;Download the stemcell&lt;/h2&gt;

&lt;p&gt;1) Review the documentation on &lt;a target=&#34;_blank&#34; href=&#34;https://bosh.io/docs/stemcell.html&#34;&gt;What is a stemcell?&lt;/a&gt;&lt;/p&gt;

&lt;p&gt;2) View the public stemcells.&lt;/p&gt;

&lt;pre&gt;&lt;code&gt;$ bosh public stemcells
&lt;/code&gt;&lt;/pre&gt;

&lt;p&gt;3) Download the stemcell.&lt;/p&gt;

&lt;pre&gt;&lt;code&gt;$ bosh download public stemcell bosh-stemcell-3262.9-vsphere-esxi-ubuntu-trusty-go_agent.tgz
&lt;/code&gt;&lt;/pre&gt;

&lt;p&gt;4) &lt;a target=&#34;_blank&#34; href=&#34;https://bosh.io/docs/sysadmin-commands.html#dir-stemcells&#34;&gt;View the stemcells&lt;/a&gt;.&lt;/p&gt;

&lt;pre&gt;&lt;code&gt;$ bosh stemcells
&lt;/code&gt;&lt;/pre&gt;

&lt;p&gt;5) &lt;a target=&#34;_blank&#34; href=&#34;https://bosh.io/docs/sysadmin-commands.html#dir-stemcells&#34;&gt;Upload the stemcell&lt;/a&gt;.&lt;/p&gt;

&lt;pre&gt;&lt;code&gt;$ bosh upload stemcell bosh-stemcell-3262.9-vsphere-esxi-ubuntu-trusty-go_agent.tgz
&lt;/code&gt;&lt;/pre&gt;

&lt;p&gt;6) Remove the stemcell from the local machine.&lt;/p&gt;

&lt;pre&gt;&lt;code&gt;$ rm bosh-stemcell-3262.9-vsphere-esxi-ubuntu-trusty-go_agent.tgz
&lt;/code&gt;&lt;/pre&gt;

&lt;h3 id=&#34;questions-1&#34;&gt;Questions&lt;/h3&gt;

&lt;ul&gt;
&lt;li&gt;What problems do stemcells solve?&lt;/li&gt;
&lt;li&gt;What comes installed on the stemcell (prior to a &lt;code&gt;bosh deploy&lt;/code&gt;)?&lt;/li&gt;
&lt;/ul&gt;

&lt;h2 id=&#34;configure-access-for-the-datadog-nozzle&#34;&gt;Configure Access for the DataDog Nozzle&lt;/h2&gt;

&lt;p&gt;1) Review the summary details about the &lt;a target=&#34;_blank&#34; href=&#34;http://docs.pivotal.io/pivotalcf/concepts/architecture/uaa.html&#34;&gt;UAA&lt;/a&gt; and the &lt;a target=&#34;_blank&#34; href=&#34;http://docs.pivotal.io/pivotalcf/adminguide/uaa-user-management.html&#34;&gt;&lt;code&gt;uaac&lt;/code&gt;&lt;/a&gt;.&lt;/p&gt;

&lt;p&gt;2) Install the &lt;code&gt;uaac&lt;/code&gt;.&lt;/p&gt;

&lt;pre&gt;&lt;code&gt;$ sudo gem install cf-uaac
&lt;/code&gt;&lt;/pre&gt;

&lt;p&gt;3) Target the Pivotal Elastic Runtime UAA.&lt;/p&gt;

&lt;p&gt;Substitute &lt;code&gt;NN&lt;/code&gt; with you environment number.&lt;/p&gt;

&lt;pre&gt;&lt;code&gt;$ uaac target https://uaa.run-[NN].haas-66.pez.pivotal.io  --skip-ssl-validation
&lt;/code&gt;&lt;/pre&gt;

&lt;p&gt;4) Get the password for &lt;code&gt;Admin Client Credentials&lt;/code&gt; in the &lt;code&gt;Pivotal Elastic Runtime&lt;/code&gt; tile under the &lt;code&gt;Credentials&lt;/code&gt; tab.&lt;/p&gt;

&lt;p&gt;&lt;img src=&#34;../resources/images/admin-client-credentials.png&#34; alt=&#34;Admin Client Credentials&#34; /&gt;&lt;/p&gt;

&lt;p&gt;5) Get a token.&lt;/p&gt;

&lt;p&gt;Use the password from &lt;code&gt;Step 4&lt;/code&gt;.&lt;/p&gt;

&lt;pre&gt;&lt;code&gt;$ uaac token client get admin -s YOUR-ADMIN-CLIENT-PASSWORD
&lt;/code&gt;&lt;/pre&gt;

&lt;p&gt;6) Add the user.&lt;/p&gt;

&lt;pre&gt;&lt;code&gt;uaac client add datadog-firehose-user --scope &#39;openid,oauth.approvals,doppler.firehose&#39; --authorized_grant_types &#39;authorization_code,client_credentials,refresh_token&#39; --authorities &#39;oauth.login,doppler.firehose&#39; --secret datadog-firehose-password
&lt;/code&gt;&lt;/pre&gt;

&lt;h3 id=&#34;questions-2&#34;&gt;Questions&lt;/h3&gt;

&lt;ul&gt;
&lt;li&gt;What is the role of the UAA?&lt;/li&gt;
&lt;/ul&gt;

&lt;h2 id=&#34;create-the-deployment-manifest-and-deploy&#34;&gt;Create the Deployment Manifest and Deploy&lt;/h2&gt;

&lt;p&gt;1) Review the documentation on &lt;a target=&#34;_blank&#34; href=&#34;https://bosh.io/docs/deployment.html&#34;&gt;What is a deployment?&lt;/a&gt; and the &lt;a target=&#34;_blank&#34; href=&#34;https://bosh.io/docs/deployment-manifest.html&#34;&gt;Manifest Schema Reference&lt;/a&gt;.&lt;/p&gt;

&lt;p&gt;2) Create a deployment manifest (&lt;code&gt;~/datadog-firehose-nozzle-release/datadog-firehose.yml&lt;/code&gt;)  with the following contents and substitute the variables with the table values below.  If using find/replace, be certain it is case sensitive.&lt;/p&gt;

&lt;pre&gt;&lt;code class=&#34;language-yml&#34;&gt;---
name: datadog-nozzle
director_uuid: DIRECTOR-UUID # CHANGE-ME

releases:
  - name: datadog-firehose-nozzle
    version: latest

compilation:
  workers: 1
  network: default
  reuse_compilation_vms: true
  cloud_properties:
    ram: 4096
    disk: 8192
    cpu: 2
    datacenters:
    - clusters:
      - CLUSTER-NAME: {} # CHANGE-ME

update:
  canaries: 1
  canary_watch_time: 30000-100000
  update_watch_time: 30000-100000
  max_in_flight: 1
  max_errors: 1

networks:
- name: default
  subnets:
  - range: NETWORK-RANGE # CHANGE-ME
    reserved: [RESERVED-NETWORK] # CHANGE-ME
    static: [STATIC-IP2] # CHANGE-ME
    gateway: GATEWAY2 # CHANGE-ME
    dns:
    - DNS2 # CHANGE-ME
    cloud_properties:
      name: NETWORK-NAME # CHANGE-ME


resource_pools:
- name: datadog-firehose-nozzle
  stemcell:
    name: bosh-vsphere-esxi-ubuntu-trusty-go_agent
    version: latest
  network: default
  cloud_properties:
    ram: 4096
    disk: 8192
    cpu: 2
    datacenters:
    - clusters:
      - CLUSTER-NAME: {} # CHANGE-ME
  env:
    bosh:
      # c1oudc0w is a default password for vcap user
      password: &amp;quot;$6$4gDD3aV0rdqlrKC$2axHCxGKIObs6tAmMTqYCspcdvQXh3JJcvWOY2WGb4SrdXtnCyNaWlrf3WEqvYR2MYizEGp3kMmbpwBC6jsHt0&amp;quot;
jobs:
- name: datadog-firehose-nozzle
  memory_mb: 2048
  templates:
    - {name: datadog-firehose-nozzle, release: datadog-firehose-nozzle}
  instances: 1
  resource_pool: datadog-firehose-nozzle
  networks:
    - name: default
      default:
      - dns
      - gateway
      static_ips:
      - STATIC-IP2 # CHANGE-ME

properties:
  loggregator:
    traffic_controller_url: &amp;quot;TRAFFIC-CONTROLLER-URL&amp;quot; # CHANGE-ME
  datadog:
    api_key: DATADOG-API-KEY # CHANGE-ME
    flush_duration_seconds: 15
    metric_prefix: &amp;quot;datadog.nozzle.&amp;quot;
  uaa:
    url: &amp;quot;UAA-URL&amp;quot; # CHANGE-ME
    username: datadog-firehose-user
    password: datadog-firehose-password
  nozzle:
    insecure_ssl_skip_verify: true
    subscription_id: d4t4d0g
    deployment: PCF-DEPLOYMENT # CHANGE-ME

&lt;/code&gt;&lt;/pre&gt;

&lt;table&gt;
&lt;thead&gt;
&lt;tr&gt;
&lt;th align=&#34;left&#34;&gt;Variable&lt;/th&gt;
&lt;th align=&#34;left&#34;&gt;Value&lt;/th&gt;
&lt;/tr&gt;
&lt;/thead&gt;

&lt;tbody&gt;
&lt;tr&gt;
&lt;td align=&#34;left&#34;&gt;DIRECTOR-UUID&lt;/td&gt;
&lt;td align=&#34;left&#34;&gt;obtain with &lt;code&gt;bosh status&lt;/code&gt;&lt;/td&gt;
&lt;/tr&gt;

&lt;tr&gt;
&lt;td align=&#34;left&#34;&gt;NETWORK-RANGE&lt;/td&gt;
&lt;td align=&#34;left&#34;&gt;10.193.[envSpecific octet].0/24&lt;/td&gt;
&lt;/tr&gt;

&lt;tr&gt;
&lt;td align=&#34;left&#34;&gt;GATEWAY2&lt;/td&gt;
&lt;td align=&#34;left&#34;&gt;10.193.[envSpecific octet].1&lt;/td&gt;
&lt;/tr&gt;

&lt;tr&gt;
&lt;td align=&#34;left&#34;&gt;DNS2&lt;/td&gt;
&lt;td align=&#34;left&#34;&gt;10.193.135.2&lt;/td&gt;
&lt;/tr&gt;

&lt;tr&gt;
&lt;td align=&#34;left&#34;&gt;RESERVED-NETWORK&lt;/td&gt;
&lt;td align=&#34;left&#34;&gt;10.193.[envSpecific octet].0-10.193.[envSpecific octet].150,10.193.[envSpecific octet].245-10.193.[envSpecific octet].255&lt;/td&gt;
&lt;/tr&gt;

&lt;tr&gt;
&lt;td align=&#34;left&#34;&gt;NETWORK-NAME&lt;/td&gt;
&lt;td align=&#34;left&#34;&gt;env[NN]&lt;/td&gt;
&lt;/tr&gt;

&lt;tr&gt;
&lt;td align=&#34;left&#34;&gt;STATIC-IP2&lt;/td&gt;
&lt;td align=&#34;left&#34;&gt;10.193.[envSpecific octet].243&lt;/td&gt;
&lt;/tr&gt;

&lt;tr&gt;
&lt;td align=&#34;left&#34;&gt;CLUSTER-NAME&lt;/td&gt;
&lt;td align=&#34;left&#34;&gt;Cluster&lt;/td&gt;
&lt;/tr&gt;

&lt;tr&gt;
&lt;td align=&#34;left&#34;&gt;DATADOG-API-KEY&lt;/td&gt;
&lt;td align=&#34;left&#34;&gt;obtain your API key from Datadog&lt;/td&gt;
&lt;/tr&gt;

&lt;tr&gt;
&lt;td align=&#34;left&#34;&gt;TRAFFIC-CONTROLLER-URL&lt;/td&gt;
&lt;td align=&#34;left&#34;&gt;wss://doppler.run-[NN].haas-66.pez.pivotal.io:443 (substitute your environment number)&lt;/td&gt;
&lt;/tr&gt;

&lt;tr&gt;
&lt;td align=&#34;left&#34;&gt;UAA-URL&lt;/td&gt;
&lt;td align=&#34;left&#34;&gt;&lt;a href=&#34;https://uaa.run-[NN].haas-66.pez.pivotal.io&#34;&gt;https://uaa.run-[NN].haas-66.pez.pivotal.io&lt;/a&gt; (substitute your environment number)&lt;/td&gt;
&lt;/tr&gt;

&lt;tr&gt;
&lt;td align=&#34;left&#34;&gt;PCF-DEPLOYMENT&lt;/td&gt;
&lt;td align=&#34;left&#34;&gt;obtain by &lt;code&gt;ssh&lt;/code&gt; to the Ops Manager, target the Ops Manager Director, run &lt;code&gt;bosh deployments&lt;/code&gt; (e.g. cf-83436382eeefd4a8c65d )&lt;/td&gt;
&lt;/tr&gt;
&lt;/tbody&gt;
&lt;/table&gt;

&lt;p&gt;3) &lt;a target=&#34;_blank&#34; href=&#34;https://bosh.io/docs/sysadmin-commands.html#deployment&#34;&gt;Set the deployment&lt;/a&gt;.&lt;/p&gt;

&lt;pre&gt;&lt;code&gt;$ bosh deployment datadog-firehose.yml
&lt;/code&gt;&lt;/pre&gt;

&lt;p&gt;4) &lt;a target=&#34;_blank&#34; href=&#34;https://bosh.io/docs/sysadmin-commands.html#deployment&#34;&gt;Deploy&lt;/a&gt;.&lt;/p&gt;

&lt;pre&gt;&lt;code&gt;$ bosh deploy
&lt;/code&gt;&lt;/pre&gt;

&lt;h3 id=&#34;questions-3&#34;&gt;Questions&lt;/h3&gt;

&lt;ul&gt;
&lt;li&gt;What is the purpose of the deployment manifest?&lt;/li&gt;
&lt;li&gt;What role does your Pivotal Cloud Foundry installation play in this deployment?&lt;/li&gt;
&lt;/ul&gt;

&lt;h2 id=&#34;create-datadog-dashboard&#34;&gt;Create Datadog Dashboard&lt;/h2&gt;

&lt;p&gt;1) Change to the home directory.&lt;/p&gt;

&lt;pre&gt;&lt;code&gt;$ cd ~
&lt;/code&gt;&lt;/pre&gt;

&lt;p&gt;2) Download the &lt;code&gt;datadog-dashboard-gen&lt;/code&gt; application.&lt;/p&gt;

&lt;pre&gt;&lt;code&gt;$ curl -o datadog-dashboard-gen https://s3.amazonaws.com/pivotal-cloud-foundry-administrator/datadog-dashboard-gen
&lt;/code&gt;&lt;/pre&gt;

&lt;p&gt;3) Make &lt;code&gt;datadog-dashboard-gen&lt;/code&gt; application executable.&lt;/p&gt;

&lt;pre&gt;&lt;code&gt;$ chmod +x datadog-dashboard-gen
&lt;/code&gt;&lt;/pre&gt;

&lt;p&gt;4) Review the usage.&lt;/p&gt;

&lt;pre&gt;&lt;code&gt;$ ./datadog-dashboard-gen --help
&lt;/code&gt;&lt;/pre&gt;

&lt;p&gt;5) Create the dashboard.&lt;/p&gt;

&lt;p&gt;Substitute the variables with the values from the table.&lt;/p&gt;

&lt;pre&gt;&lt;code&gt;$ ./datadog-dashboard-gen -opsman_user=OPSMAN-USER -opsman_password=OPSMAN-PASSWORD  -opsman_ip=OPSMAN-IP -uaa_domain=UAA-DOMAIN -ddapikey=DATADOG-API-KEY -ddappkey=DATADOG-APP-KEY
&lt;/code&gt;&lt;/pre&gt;

&lt;table&gt;
&lt;thead&gt;
&lt;tr&gt;
&lt;th align=&#34;left&#34;&gt;Variable&lt;/th&gt;
&lt;th align=&#34;left&#34;&gt;Value&lt;/th&gt;
&lt;/tr&gt;
&lt;/thead&gt;

&lt;tbody&gt;
&lt;tr&gt;
&lt;td align=&#34;left&#34;&gt;OPSMAN-USER&lt;/td&gt;
&lt;td align=&#34;left&#34;&gt;admin&lt;/td&gt;
&lt;/tr&gt;

&lt;tr&gt;
&lt;td align=&#34;left&#34;&gt;OPSMAN-PASSWORD&lt;/td&gt;
&lt;td align=&#34;left&#34;&gt;(Provided by your instructor)&lt;/td&gt;
&lt;/tr&gt;

&lt;tr&gt;
&lt;td align=&#34;left&#34;&gt;OPSMAN-IP&lt;/td&gt;
&lt;td align=&#34;left&#34;&gt;[OPS-MAN-FQDN]&lt;/td&gt;
&lt;/tr&gt;

&lt;tr&gt;
&lt;td align=&#34;left&#34;&gt;UAA-DOMAIN&lt;/td&gt;
&lt;td align=&#34;left&#34;&gt;[OPS-MAN-FQDN]/uaa&lt;/td&gt;
&lt;/tr&gt;

&lt;tr&gt;
&lt;td align=&#34;left&#34;&gt;DATADOG-API-KEY&lt;/td&gt;
&lt;td align=&#34;left&#34;&gt;obtain your API key from Datadog&lt;/td&gt;
&lt;/tr&gt;

&lt;tr&gt;
&lt;td align=&#34;left&#34;&gt;DATADOG-APP-KEY&lt;/td&gt;
&lt;td align=&#34;left&#34;&gt;obtain your APP key from Datadog&lt;/td&gt;
&lt;/tr&gt;
&lt;/tbody&gt;
&lt;/table&gt;

&lt;p&gt;6) View the dashboard in Datadog.&lt;/p&gt;

&lt;p&gt;&lt;img src=&#34;../resources/images/datadog-dashboard-nozzle.png&#34; alt=&#34;Datadog Dashboard&#34; /&gt;&lt;/p&gt;

&lt;p&gt;&lt;strong&gt;Congratulations!&lt;/strong&gt;  You have successfully deployed the Datadog Nozzle with BOSH and configured a Datadog dashboard.&lt;/p&gt;

&lt;h1 id=&#34;beyond-the-class&#34;&gt;Beyond The Class&lt;/h1&gt;

&lt;p&gt;&lt;a target=&#34;_blank&#34; href=&#34;https://docs.google.com/document/d/1f4eYjzgwJc_bwpGf-n38Pwpal6rAXLpIIP4aKrqkfIg/edit#&#34;&gt;Review the Pivotal Cloud Foundry Monitoring Cookbook&lt;/a&gt;&lt;/p&gt;
</description>
    </item>
    
    <item>
      <title>Deploying With BOSH Instructor Notes</title>
      <link>/pivotal-cloud-foundry-administrator/deploying-with-bosh/notes/</link>
      <pubDate>Wed, 20 Jul 2016 09:18:50 -0500</pubDate>
      
      <guid>/pivotal-cloud-foundry-administrator/deploying-with-bosh/notes/</guid>
      <description>

&lt;h1 id=&#34;what-students-should-know&#34;&gt;What students should know&lt;/h1&gt;

&lt;p&gt;Students should understand the processes for deploying software with BOSH. The basic outline: create a release, a stemcell, and a deployment manifest and then use BOSH deploy. They should know what each of these components is and does. They should also gain a basic understanding of using the UAA and the uaac CLI to give client applications access to their PCF installation.&lt;/p&gt;

&lt;h1 id=&#34;questions&#34;&gt;Questions&lt;/h1&gt;

&lt;p&gt;After completing the lab recap, review the following questions as a class:&lt;/p&gt;

&lt;h2 id=&#34;general-discussion-questions&#34;&gt;General Discussion Questions&lt;/h2&gt;

&lt;p&gt;&lt;strong&gt;Q:&lt;/strong&gt; &lt;em&gt;At the end of this lab, what have you accomplished?&lt;/em&gt;&lt;br&gt;
&lt;strong&gt;A:&lt;/strong&gt; We have deployed a datadog nozzle using BOSH.  What does this mean?  We created a release (the datadog nozzle release) and a stemcell (ubuntu for vSphere).  We gave our datadog nozzle access to our PCF metrics using the uaac CLI. We put together a deployment manifest that defined configuration properties for our deployment. Then, we deployed our nozzle.  Once the nozzle was deployed, we created a dashboard on Datadog where we could see the metrics supplied by our nozzle.&lt;/p&gt;

&lt;h2 id=&#34;questions-from-the-lab&#34;&gt;Questions From the Lab&lt;/h2&gt;

&lt;p&gt;&lt;strong&gt;Q:&lt;/strong&gt; &lt;em&gt;What are some of the concerns addressed by releases?&lt;/em&gt;&lt;br&gt;
&lt;strong&gt;A:&lt;/strong&gt; Releases:&lt;/p&gt;

&lt;ul&gt;
&lt;li&gt;Capture and keep track of everything (configuration, startup scripts, source codes, binary artifacts) necessary to deploy software&lt;/li&gt;
&lt;li&gt;Allow all these components to be self-contained (and not need internet access for deployment)&lt;/li&gt;
&lt;li&gt;Version and keep track of software that has been rolled out to the cluster&lt;/li&gt;
&lt;li&gt;Allow the deployment of software to be IaaS agnostic&lt;/li&gt;
&lt;/ul&gt;

&lt;p&gt;&lt;strong&gt;Q:&lt;/strong&gt; &lt;em&gt;What problems do stemcells solve?&lt;/em&gt;&lt;br&gt;
&lt;strong&gt;A:&lt;/strong&gt; Stemcells allow for:&lt;/p&gt;

&lt;ul&gt;
&lt;li&gt;Capturing a base Operating System image image.&lt;/li&gt;
&lt;li&gt;Versioning changes to the base Operating System image&lt;/li&gt;
&lt;li&gt;The reuse of the same base operating system across both different VMs and different IaaSs&lt;/li&gt;
&lt;/ul&gt;

&lt;p&gt;&lt;strong&gt;Q:&lt;/strong&gt; &lt;em&gt;What comes installed on the stemcell (prior to a &lt;code&gt;bosh deploy&lt;/code&gt;)?&lt;/em&gt;&lt;br&gt;
&lt;strong&gt;A:&lt;/strong&gt; An OS skeleton with some common utilities, configuration files, and a BOSH agent.&lt;/p&gt;

&lt;p&gt;&lt;strong&gt;Q:&lt;/strong&gt; &lt;em&gt;What is the role of the UAA?&lt;/em&gt; &lt;br&gt;
&lt;strong&gt;A:&lt;/strong&gt; According to the documentation, &amp;ldquo;The UAA is the identity management service for Cloud Foundry. Its primary role is as an OAuth2 provider, issuing tokens for client applications to use when they act on behalf of Cloud Foundry users.&amp;rdquo; For the purposes of this lab, we are using the UAA to allow the datadog-firehose user to get access to our PCF metrics. The uaac CLI allows us to accomplish this.&lt;/p&gt;

&lt;p&gt;&lt;strong&gt;Q:&lt;/strong&gt; &lt;em&gt;What is the purpose of the deployment manifest?&lt;/em&gt;&lt;br&gt;
&lt;strong&gt;A:&lt;/strong&gt; The manifest file allows a BOSH user to manage a deployment.  It contains all information needed for tracking, managing, and updating software on a deployment&amp;rsquo;s VMs.  When a deployment manifest is uploaded to a BOSH Director, requested resources are allocated and stored.&lt;/p&gt;

&lt;p&gt;&lt;strong&gt;Q:&lt;/strong&gt; &lt;em&gt;What role does your Pivotal Cloud Foundry installation play in this deployment?&lt;/em&gt; &lt;br&gt;
It is important to understand that you are not deploying anything using the Ops Manager Director.  Instead, you are using your BOSH director to deploy the Datadog Nozzle. The Datadog nozzle is configured to receive metrics from your PCF installation.  This configuration is done in your deployment manifest; you also give access to your Datadog Nozzle by creating a new UAAC user.&lt;/p&gt;

&lt;h1 id=&#34;troubleshooting&#34;&gt;Troubleshooting&lt;/h1&gt;

&lt;p&gt;Troubleshooting guidance for the lab that instructors need to know:&lt;/p&gt;

&lt;p&gt;Familiarize yourself with the deployment manifest; errors in deployments are likely to occur here, especially where students need to customize variables to their environments (e.g. copying &lt;a href=&#34;https://uaa.run-[NN].haas-66.pez.pivotal.io&#34;&gt;https://uaa.run-[NN].haas-66.pez.pivotal.io&lt;/a&gt;  instead of &lt;a href=&#34;https://uaa.run-05.haas-66.pez.pivotal.io&#34;&gt;https://uaa.run-05.haas-66.pez.pivotal.io&lt;/a&gt; ).&lt;/p&gt;

&lt;p&gt;If the &lt;code&gt;datadog-dashboard-gen&lt;/code&gt; command fails or if metrics don&amp;rsquo;t show up in Datadog, don&amp;rsquo;t spend too much time on the issue; the point of the lab is to deploy, not to understand Datadog.&lt;/p&gt;

&lt;h1 id=&#34;feedback&#34;&gt;Feedback&lt;/h1&gt;

&lt;p&gt;Please keep track of all types of feedback, so that we can make this module great.  That includes questions that students may ask that we should be answering up front, lab corrections/improvements, etc.&lt;/p&gt;

&lt;p&gt;Submit feedback to: &lt;a href=&#34;mailto:pcf-administrator-instructor-feedback@pivotal.io&#34;&gt;pcf-administrator-instructor-feedback@pivotal.io&lt;/a&gt;&lt;/p&gt;
</description>
    </item>
    
  </channel>
</rss>