<?xml version="1.0" encoding="utf-8" standalone="yes" ?>
<rss version="2.0" xmlns:atom="http://www.w3.org/2005/Atom">
  <channel>
    <title>Orgs-spaces-roles on Pivotal Cloud Foundry Administrator</title>
    <link>/pivotal-cloud-foundry-administrator/orgs-spaces-roles/</link>
    <description>Recent content in Orgs-spaces-roles on Pivotal Cloud Foundry Administrator</description>
    <generator>Hugo -- gohugo.io</generator>
    <language>en-us</language>
    <copyright>© Copyright Pivotal. All rights reserved.</copyright>
    <lastBuildDate>Wed, 20 Jul 2016 17:11:07 -0500</lastBuildDate>
    <atom:link href="/pivotal-cloud-foundry-administrator/orgs-spaces-roles/index.xml" rel="self" type="application/rss+xml" />
    
    <item>
      <title>Orgs, Spaces, and Roles</title>
      <link>/pivotal-cloud-foundry-administrator/orgs-spaces-roles/</link>
      <pubDate>Wed, 20 Jul 2016 17:11:07 -0500</pubDate>
      
      <guid>/pivotal-cloud-foundry-administrator/orgs-spaces-roles/</guid>
      <description>

&lt;p&gt;Estimated time: 30 minutes&lt;/p&gt;

&lt;h1 id=&#34;requirements&#34;&gt;Requirements&lt;/h1&gt;

&lt;p&gt;&lt;a href=&#34;../requirements&#34;&gt;Lab Requirements&lt;/a&gt;&lt;/p&gt;

&lt;h1 id=&#34;what-you-will-learn&#34;&gt;What you will learn&lt;/h1&gt;

&lt;ul&gt;
&lt;li&gt;How to create and manage orgs and spaces in Pivotal Cloud Foundry&lt;/li&gt;
&lt;li&gt;How to create and manage Pivotal Cloud Foundry users and their roles&lt;/li&gt;
&lt;/ul&gt;

&lt;h1 id=&#34;exercises&#34;&gt;Exercises&lt;/h1&gt;

&lt;h2 id=&#34;target-your-installation-with-the-cf-cli&#34;&gt;Target your installation with the CF CLI&lt;/h2&gt;

&lt;p&gt;1) On your local machine, use your browser to navigate to ops manager, &lt;code&gt;opsmgr-[NN].haas-66.pez.pivotal.io&lt;/code&gt;.&lt;/p&gt;

&lt;p&gt;2) Get the Pivotal Cloud Foundry &lt;code&gt;admin&lt;/code&gt; credentials.  Navigate to the &lt;code&gt;Pivotal Elastic Runtime&lt;/code&gt; tile &lt;code&gt;Credentials&lt;/code&gt; tab.  Find the &lt;code&gt;UAA&lt;/code&gt; → &lt;code&gt;Admin Credentials&lt;/code&gt;.  Click on &lt;code&gt;Link to Credential&lt;/code&gt;. Copy the password.&lt;/p&gt;

&lt;p&gt;&lt;img src=&#34;../resources/images/admin-credentials.png&#34; alt=&#34;Admin Credentials&#34; /&gt;&lt;/p&gt;

&lt;p&gt;3) Target your PCF instance. Set the API endpoint for your environment using &lt;code&gt;api.run-[NN].haas-66.pez.pivotal.io&lt;/code&gt;.&lt;/p&gt;

&lt;p&gt;For example:&lt;/p&gt;

&lt;pre&gt;&lt;code&gt;$ cf api api.run-02.haas-66.pez.pivotal.io  --skip-ssl-validation
&lt;/code&gt;&lt;/pre&gt;

&lt;p&gt;&lt;strong&gt;&lt;em&gt;NOTE:&lt;/em&gt;&lt;/strong&gt; SSL validation is skipped because we are using self-signed certificates.&lt;/p&gt;

&lt;p&gt;4) Login as admin.&lt;/p&gt;

&lt;pre&gt;&lt;code&gt;$ cf login
&lt;/code&gt;&lt;/pre&gt;

&lt;p&gt;Use &lt;code&gt;admin&lt;/code&gt; when prompted for Email.&lt;/p&gt;

&lt;p&gt;Use the password obtained from &lt;code&gt;Step 3&lt;/code&gt; above.&lt;/p&gt;

&lt;p&gt;You will automatically be targeted to the &lt;code&gt;system&lt;/code&gt; org.  When prompted select the &lt;code&gt;system&lt;/code&gt; space.&lt;/p&gt;

&lt;h2 id=&#34;explore-existing-orgs-and-spaces&#34;&gt;Explore Existing Orgs and Spaces&lt;/h2&gt;

&lt;p&gt;1) Review &lt;a target=&#34;_blank&#34; href=&#34;http://docs.pivotal.io/pivotalcf/concepts/roles.html#orgs&#34;&gt;Orgs, User Accounts, and Spaces&lt;/a&gt; concepts.&lt;/p&gt;

&lt;p&gt;2) List the apps running in the &lt;code&gt;system&lt;/code&gt; space.&lt;/p&gt;

&lt;pre&gt;&lt;code&gt;$ cf apps
&lt;/code&gt;&lt;/pre&gt;

&lt;p&gt;3) List the available spaces.&lt;/p&gt;

&lt;pre&gt;&lt;code&gt;$ cf spaces
&lt;/code&gt;&lt;/pre&gt;

&lt;p&gt;4) Target the &lt;code&gt;autoscaling&lt;/code&gt; space.&lt;/p&gt;

&lt;pre&gt;&lt;code&gt;$ cf target -s autoscaling
&lt;/code&gt;&lt;/pre&gt;

&lt;p&gt;5)  List the apps running in the &lt;code&gt;autoscaling&lt;/code&gt; space.&lt;/p&gt;

&lt;pre&gt;&lt;code&gt;$ cf apps
&lt;/code&gt;&lt;/pre&gt;

&lt;p&gt;6) Log in to your Apps Manager (Apps Manager was deployed as part of your Ops Manager update).&lt;/p&gt;

&lt;p&gt;Browse to your apps manager location, &lt;code&gt;https://login.run-[NN].haas-66.pez.pivotal.io/&lt;/code&gt; from your local machine.  Use username &lt;code&gt;admin&lt;/code&gt; and the password you used when targeting your installation (the &lt;code&gt;UAA&lt;/code&gt; admin credentials).&lt;/p&gt;

&lt;p&gt;7) Use the Apps Manager to explore the same org and spaces.&lt;/p&gt;

&lt;h3 id=&#34;questions&#34;&gt;Questions&lt;/h3&gt;

&lt;ul&gt;
&lt;li&gt;What apps are running in the &lt;code&gt;system&lt;/code&gt; space?&lt;/li&gt;
&lt;li&gt;What apps are running in the &lt;code&gt;autoscaling&lt;/code&gt; space?&lt;/li&gt;
&lt;li&gt;When was the apps manager application deployed?&lt;/li&gt;
&lt;/ul&gt;

&lt;h2 id=&#34;create-an-org&#34;&gt;Create an Org&lt;/h2&gt;

&lt;p&gt;1) Use the cf CLI to view the available orgs in your installation.&lt;/p&gt;

&lt;pre&gt;&lt;code&gt;$ cf orgs
&lt;/code&gt;&lt;/pre&gt;

&lt;p&gt;2) Create a new org. Use your initials.&lt;/p&gt;

&lt;p&gt;For example:&lt;/p&gt;

&lt;pre&gt;&lt;code&gt;$ cf create-org dnr-org
&lt;/code&gt;&lt;/pre&gt;

&lt;p&gt;3) View information about the org.&lt;/p&gt;

&lt;p&gt;For example:&lt;/p&gt;

&lt;pre&gt;&lt;code&gt;$ cf org dnr-org
&lt;/code&gt;&lt;/pre&gt;

&lt;h3 id=&#34;questions-1&#34;&gt;Questions&lt;/h3&gt;

&lt;ul&gt;
&lt;li&gt;What role is assigned when creating an org?&lt;/li&gt;
&lt;li&gt;What kind of information are you provided with a &lt;code&gt;cf org&lt;/code&gt; command?&lt;/li&gt;
&lt;/ul&gt;

&lt;h2 id=&#34;create-a-space&#34;&gt;Create a Space&lt;/h2&gt;

&lt;p&gt;1) Target the org you just created.&lt;/p&gt;

&lt;p&gt;For example:&lt;/p&gt;

&lt;pre&gt;&lt;code&gt;$ cf target -o dnr-org
&lt;/code&gt;&lt;/pre&gt;

&lt;p&gt;2) Review the spaces available in the org.&lt;/p&gt;

&lt;pre&gt;&lt;code&gt;$ cf spaces
&lt;/code&gt;&lt;/pre&gt;

&lt;p&gt;3) Create a space.&lt;/p&gt;

&lt;pre&gt;&lt;code&gt;$ cf create-space dev
&lt;/code&gt;&lt;/pre&gt;

&lt;p&gt;4) Target the &lt;code&gt;dev&lt;/code&gt; space.&lt;/p&gt;

&lt;pre&gt;&lt;code&gt;$ cf target -s dev
&lt;/code&gt;&lt;/pre&gt;

&lt;p&gt;5) View information about the space.&lt;/p&gt;

&lt;pre&gt;&lt;code&gt;$ cf space dev
&lt;/code&gt;&lt;/pre&gt;

&lt;h3 id=&#34;questions-2&#34;&gt;Questions&lt;/h3&gt;

&lt;ul&gt;
&lt;li&gt;What role is assigned when creating a space?&lt;/li&gt;
&lt;li&gt;What kind of information are you provided with a &lt;code&gt;cf space&lt;/code&gt; command?&lt;/li&gt;
&lt;/ul&gt;

&lt;h2 id=&#34;create-a-user-with-the-orgmanager-role&#34;&gt;Create a User with the &lt;code&gt;OrgManager&lt;/code&gt; Role&lt;/h2&gt;

&lt;p&gt;1) Review &lt;a target=&#34;_blank&#34; href=&#34;http://docs.pivotal.io/pivotalcf/adminguide/cli-user-management.html&#34;&gt;Creating and Managing Users with the &lt;code&gt;cf&lt;/code&gt; CLI&lt;/a&gt; and &lt;a target=&#34;_blank&#34; href=&#34;http://docs.pivotal.io/pivotalcf/concepts/roles.html#roles&#34;&gt; Roles and Permissions&lt;/a&gt;.&lt;/p&gt;

&lt;p&gt;2) View org users.&lt;/p&gt;

&lt;p&gt;For example:&lt;/p&gt;

&lt;pre&gt;&lt;code&gt;$ cf org-users dnr-org
&lt;/code&gt;&lt;/pre&gt;

&lt;p&gt;3) Create a user.&lt;/p&gt;

&lt;p&gt;For example:&lt;/p&gt;

&lt;pre&gt;&lt;code&gt;$ cf create-user john.q.manager@pivotal.io password
&lt;/code&gt;&lt;/pre&gt;

&lt;p&gt;4) Assign the &lt;code&gt;OrgManager&lt;/code&gt; role to the user.&lt;/p&gt;

&lt;p&gt;Use &lt;code&gt;cf --help&lt;/code&gt; help to determine what roles can be assigned.&lt;/p&gt;

&lt;pre&gt;&lt;code&gt;$ cf set-org-role --help
&lt;/code&gt;&lt;/pre&gt;

&lt;p&gt;Assign the role.&lt;/p&gt;

&lt;pre&gt;&lt;code&gt;$ cf set-org-role john.q.manager@pivotal.io dnr-org OrgManager
&lt;/code&gt;&lt;/pre&gt;

&lt;p&gt;5) Review org users.&lt;/p&gt;

&lt;p&gt;For example:&lt;/p&gt;

&lt;pre&gt;&lt;code&gt;$ cf org-users dnr-org
&lt;/code&gt;&lt;/pre&gt;

&lt;h3 id=&#34;questions-3&#34;&gt;Questions&lt;/h3&gt;

&lt;ul&gt;
&lt;li&gt;Can an &lt;code&gt;OrgManager&lt;/code&gt; deploy applications?&lt;/li&gt;
&lt;/ul&gt;

&lt;h2 id=&#34;create-a-user-with-the-spacedeveloper-role&#34;&gt;Create a User with the &lt;code&gt;SpaceDeveloper&lt;/code&gt; Role&lt;/h2&gt;

&lt;p&gt;1) View space users.&lt;/p&gt;

&lt;p&gt;For example:&lt;/p&gt;

&lt;pre&gt;&lt;code&gt;$ cf space-users dnr-org dev
&lt;/code&gt;&lt;/pre&gt;

&lt;p&gt;2) Create a user.&lt;/p&gt;

&lt;p&gt;For example:&lt;/p&gt;

&lt;pre&gt;&lt;code&gt;$ cf create-user john.q.developer@pivotal.io password
&lt;/code&gt;&lt;/pre&gt;

&lt;p&gt;3) Assign the &lt;code&gt;SpaceDeveloper&lt;/code&gt; role to the user.&lt;/p&gt;

&lt;p&gt;Use &lt;code&gt;cf --help&lt;/code&gt; to determine what roles can be assigned.&lt;/p&gt;

&lt;pre&gt;&lt;code&gt;$ cf set-space-role --help
&lt;/code&gt;&lt;/pre&gt;

&lt;p&gt;Assign the role.&lt;/p&gt;

&lt;pre&gt;&lt;code&gt;$ cf set-space-role john.q.developer@pivotal.io dnr-org dev SpaceDeveloper
&lt;/code&gt;&lt;/pre&gt;

&lt;p&gt;4) Review space users.&lt;/p&gt;

&lt;p&gt;For example:&lt;/p&gt;

&lt;pre&gt;&lt;code&gt;$ cf space-users dnr-org dev
&lt;/code&gt;&lt;/pre&gt;

&lt;h3 id=&#34;questions-4&#34;&gt;Questions&lt;/h3&gt;

&lt;ul&gt;
&lt;li&gt;Can a &lt;code&gt;SpaceDeveloper&lt;/code&gt; instantiate and bind services to applications?&lt;/li&gt;
&lt;li&gt;Can a &lt;code&gt;SpaceDeveloper&lt;/code&gt; create a space?&lt;/li&gt;
&lt;/ul&gt;

&lt;p&gt;&lt;strong&gt;Congratulations!&lt;/strong&gt; You have completed the Orgs, Users, and Spaces lab.&lt;/p&gt;

&lt;h1 id=&#34;beyond-the-class&#34;&gt;Beyond the Class&lt;/h1&gt;

&lt;h2 id=&#34;other-approaches-for-adding-users&#34;&gt;Other Approaches For Adding Users&lt;/h2&gt;

&lt;ul&gt;
&lt;li&gt;&lt;a target=&#34;_blank&#34; href=&#34;http://docs.pivotal.io/pivotalcf/opsguide/external-user-management.html&#34;&gt;Adding Existing SAML or LDAP Users&lt;/a&gt;&lt;/li&gt;
&lt;li&gt;&lt;a target=&#34;_blank&#34; href=&#34;http://docs.pivotal.io/pivotalcf/opsguide/creating-account.html#smtp&#34;&gt;Adding New Users When SMTP is Enabled&lt;/a&gt; and &lt;a target=&#34;_blank&#34; href=&#34;http://docs.pivotal.io/pivotalcf/console/console-roles.html&#34;&gt;Managing User Accounts and Permissions Using the Apps Manager&lt;/a&gt;&lt;/li&gt;
&lt;/ul&gt;
</description>
    </item>
    
    <item>
      <title>Orgs, Spaces, Roles Instructor Notes</title>
      <link>/pivotal-cloud-foundry-administrator/orgs-spaces-roles/notes/</link>
      <pubDate>Wed, 20 Jul 2016 09:18:50 -0500</pubDate>
      
      <guid>/pivotal-cloud-foundry-administrator/orgs-spaces-roles/notes/</guid>
      <description>

&lt;h1 id=&#34;environment&#34;&gt;Environment&lt;/h1&gt;

&lt;h1 id=&#34;what-students-should-know&#34;&gt;What students should know&lt;/h1&gt;

&lt;p&gt;In this lab, students are setting up their environment for use by development teams. Students should know how to use the Cloud Foundry CLI to create orgs and spaces, and they should understand the conditions under which they might use them. They should also know how to create users and set permissions for them using roles. They should be familiar with several specific roles.&lt;/p&gt;

&lt;h1 id=&#34;questions&#34;&gt;Questions&lt;/h1&gt;

&lt;p&gt;After completing the lab recap, review the following questions as a class:&lt;/p&gt;

&lt;h2 id=&#34;general-discussion-questions&#34;&gt;General Discussion Questions&lt;/h2&gt;

&lt;p&gt;&lt;strong&gt;Q:&lt;/strong&gt; &lt;em&gt;What is a space?  What is an org?  For what purposes might an operator use spaces or orgs?&lt;/em&gt;&lt;br&gt;
&lt;strong&gt;A:&lt;/strong&gt; Pivotal Cloud Foundry is a multitenant system &amp;ndash; one PCF installation serves multiple groups of users who share access and who have specific privileges. Orgs, spaces, and roles enable this.&lt;/p&gt;

&lt;p&gt;An org is a development account that an individual or collaborators can own and use. Collaborators access the org with user accounts. Spaces organize applications and service instances within an org &amp;ndash; every application is scoped to a space. Spaces are typically representative of a development pipeline.  Both orgs and spaces are free form, and you should do what works for you.&lt;/p&gt;

&lt;p&gt;In a large organization, a team might have an org, and within that org the team might create multiple spaces. For instance, Pivotal Education could be an org, and its spaces could be development, staging, and production.&lt;/p&gt;

&lt;p&gt;&lt;strong&gt;Q:&lt;/strong&gt; &lt;em&gt;What are the shortcomings of using just the CLI to set orgs, spaces, and roles (as we just did)?&lt;/em&gt;
&lt;strong&gt;A:&lt;/strong&gt; Simply updating orgs, spaces, and roles from the commandline means you don&amp;rsquo;t have a record of what is happening in your installation. A more sustainable solution would be to create a git repository that records this configuration and to use automation to integrate updates.&lt;/p&gt;

&lt;h2 id=&#34;questions-from-the-lab&#34;&gt;Questions From the Lab&lt;/h2&gt;

&lt;p&gt;&lt;strong&gt;Q:&lt;/strong&gt; &lt;em&gt;What apps are running in the &lt;code&gt;system&lt;/code&gt; space?&lt;/em&gt; &lt;br&gt;
&lt;strong&gt;A:&lt;/strong&gt;&lt;/p&gt;

&lt;ul&gt;
&lt;li&gt;app-usage-scheduler&lt;/li&gt;
&lt;li&gt;app-usage-server&lt;/li&gt;
&lt;li&gt;app-usage-worker&lt;/li&gt;
&lt;li&gt;apps-manager-js&lt;/li&gt;
&lt;li&gt;console&lt;/li&gt;
&lt;/ul&gt;

&lt;p&gt;&lt;strong&gt;Q:&lt;/strong&gt;  &lt;em&gt;What apps are running in the &lt;code&gt;autoscaling&lt;/code&gt; space?&lt;/em&gt;&lt;br&gt;
&lt;strong&gt;A:&lt;/strong&gt; autoscale&lt;/p&gt;

&lt;p&gt;&lt;strong&gt;Q:&lt;/strong&gt; &lt;em&gt;What role is assigned when creating an org?&lt;/em&gt; &lt;br&gt;
&lt;strong&gt;A:&lt;/strong&gt; OrgManager&lt;/p&gt;

&lt;p&gt;&lt;strong&gt;Q:&lt;/strong&gt; &lt;em&gt;What kind of information are you provided with a &lt;code&gt;cf org&lt;/code&gt; command?&lt;/em&gt; &lt;br&gt;
&lt;strong&gt;A:&lt;/strong&gt;&lt;/p&gt;

&lt;ul&gt;
&lt;li&gt;Domains&lt;/li&gt;
&lt;li&gt;Quota (the quota that has been applied to the org)&lt;/li&gt;
&lt;li&gt;Spaces contained in the org&lt;/li&gt;
&lt;li&gt;Space quotas available to be assigned to spaces in the org&lt;/li&gt;
&lt;/ul&gt;

&lt;p&gt;&lt;strong&gt;Q:&lt;/strong&gt; &lt;em&gt;What role is assigned when creating a space?&lt;/em&gt; &lt;br&gt;
&lt;strong&gt;A:&lt;/strong&gt; RoleSpaceManager and RoleSpaceDeveloper&lt;/p&gt;

&lt;p&gt;&lt;strong&gt;Q:&lt;/strong&gt; &lt;em&gt;What kind of information are you provided with a &lt;code&gt;cf space&lt;/code&gt; command?&lt;/em&gt; &lt;br&gt;
&lt;strong&gt;A:&lt;/strong&gt;&lt;/p&gt;

&lt;ul&gt;
&lt;li&gt;Org the space belongs to&lt;/li&gt;
&lt;li&gt;Apps in the space&lt;/li&gt;
&lt;li&gt;Domains&lt;/li&gt;
&lt;li&gt;Services&lt;/li&gt;
&lt;li&gt;Security Groups&lt;/li&gt;
&lt;li&gt;Space quota (the quota that has been assigned to the space)&lt;/li&gt;
&lt;/ul&gt;

&lt;p&gt;&lt;strong&gt;Q:&lt;/strong&gt; &lt;em&gt;Can an &lt;code&gt;OrgManager&lt;/code&gt; deploy applications?&lt;/em&gt; &lt;br&gt;
&lt;strong&gt;A:&lt;/strong&gt; Not technically. That said, when an OrgManager creates a space, s/he is automatically assigned a SpaceManager and a SpaceDeveloper role. If those roles don&amp;rsquo;t change, s/he can push apps.&lt;/p&gt;

&lt;p&gt;&lt;strong&gt;Q:&lt;/strong&gt; &lt;em&gt;Can a &lt;code&gt;SpaceDeveloper&lt;/code&gt; instantiate and bind services to applications?&lt;/em&gt; &lt;br&gt;
&lt;strong&gt;A:&lt;/strong&gt; Yes&lt;/p&gt;

&lt;p&gt;&lt;strong&gt;Q:&lt;/strong&gt; &lt;em&gt;Can a &lt;code&gt;SpaceDeveloper&lt;/code&gt; create a space?&lt;/em&gt; &lt;br&gt;
&lt;strong&gt;A:&lt;/strong&gt; No&lt;/p&gt;

&lt;h1 id=&#34;troubleshooting&#34;&gt;Troubleshooting&lt;/h1&gt;

&lt;p&gt;Troubleshooting guidance for the lab that instructors need to know.&lt;/p&gt;

&lt;h1 id=&#34;feedback&#34;&gt;Feedback&lt;/h1&gt;

&lt;p&gt;Please keep track of all types of feedback, so that we can make this module great.  That includes questions that students may ask that we should be answering up front, lab corrections/improvements, etc.&lt;/p&gt;

&lt;p&gt;Submit feedback to: &lt;a href=&#34;mailto:pcf-administrator-instructor-feedback@pivotal.io&#34;&gt;pcf-administrator-instructor-feedback@pivotal.io&lt;/a&gt;&lt;/p&gt;
</description>
    </item>
    
  </channel>
</rss>