<?xml version="1.0" encoding="utf-8" standalone="yes" ?>
<rss version="2.0" xmlns:atom="http://www.w3.org/2005/Atom">
  <channel>
    <title>Upgrading-ops-managers on Pivotal Cloud Foundry Administrator</title>
    <link>/pivotal-cloud-foundry-administrator/upgrading-ops-manager/</link>
    <description>Recent content in Upgrading-ops-managers on Pivotal Cloud Foundry Administrator</description>
    <generator>Hugo -- gohugo.io</generator>
    <language>en-us</language>
    <copyright>© Copyright Pivotal. All rights reserved.</copyright>
    <lastBuildDate>Thu, 21 Jul 2016 11:08:19 -0500</lastBuildDate>
    <atom:link href="/pivotal-cloud-foundry-administrator/upgrading-ops-manager/index.xml" rel="self" type="application/rss+xml" />
    
    <item>
      <title>Upgrading Ops Manager</title>
      <link>/pivotal-cloud-foundry-administrator/upgrading-ops-manager/</link>
      <pubDate>Thu, 21 Jul 2016 11:08:19 -0500</pubDate>
      
      <guid>/pivotal-cloud-foundry-administrator/upgrading-ops-manager/</guid>
      <description>

&lt;p&gt;Estimated time: 60 minutes + 1 hour update time&lt;/p&gt;

&lt;h1 id=&#34;requirements&#34;&gt;Requirements&lt;/h1&gt;

&lt;p&gt;&lt;a href=&#34;../requirements&#34;&gt;Lab Requirements&lt;/a&gt;&lt;/p&gt;

&lt;h1 id=&#34;what-you-will-learn&#34;&gt;What you will learn&lt;/h1&gt;

&lt;ul&gt;
&lt;li&gt;How to upgrade Ops Manager&lt;/li&gt;
&lt;/ul&gt;

&lt;h1 id=&#34;exercises&#34;&gt;Exercises&lt;/h1&gt;

&lt;h2 id=&#34;review-ops-manager-upgrade-procedure&#34;&gt;Review Ops Manager Upgrade Procedure&lt;/h2&gt;

&lt;p&gt;1) &lt;a target=&#34;_blank&#34; href=&#34;http://docs.pivotal.io/pivotalcf/customizing/upgrading-pcf.html&#34;/&gt;Review upgrade documentation&lt;/a&gt;.  This lab will walk you through the key parts, but you should review all the steps in the documentation.&lt;/p&gt;

&lt;h2 id=&#34;prepare-the-environment-for-upgrade&#34;&gt;Prepare the Environment For Upgrade&lt;/h2&gt;

&lt;p&gt;1) Review the &lt;a target=&#34;_blank&#34; href=&#34;http://docs.pivotal.io/pivotalcf/customizing/upgrading-pcf.html#prepare-env&#34;/&gt;prepare for upgrade&lt;/a&gt; documentation.&lt;/p&gt;

&lt;p&gt;2) Confirm that each installed product (Elastic Runtime, JMX Bridge, and MySQL) is compatible with the new version of Ops Manager with the &lt;a target=&#34;_blank&#34; href=&#34;http://docs.pivotal.io/compatibility-matrix.pdf&#34;/&gt;product version matrix&lt;/a&gt;.&lt;/p&gt;

&lt;h2 id=&#34;check-system-health&#34;&gt;Check System Health&lt;/h2&gt;

&lt;p&gt;1) Confirm health of all deployments with BOSH.&lt;/p&gt;

&lt;p&gt;&lt;code&gt;ssh&lt;/code&gt; to &lt;code&gt;opsmgr-[NN].haas-66.pez.pivotal.io&lt;/code&gt;.&lt;/p&gt;

&lt;pre&gt;&lt;code&gt;$ bosh vms
&lt;/code&gt;&lt;/pre&gt;

&lt;p&gt;2) Confirm health by inspecting the &lt;code&gt;Status&lt;/code&gt; tab of all installed tiles in Ops Manager.&lt;/p&gt;

&lt;p&gt;3) Confirm that there are no outstanding changes in Ops Manager. If so, then &lt;code&gt;Apply Changes&lt;/code&gt;.&lt;/p&gt;

&lt;p&gt;&lt;strong&gt;&lt;em&gt;NOTE:&lt;/em&gt;&lt;/strong&gt; This should not be the case for this lab.&lt;/p&gt;

&lt;h2 id=&#34;backup-export-installation-settings&#34;&gt;Backup/Export Installation Settings&lt;/h2&gt;

&lt;p&gt;1) ssh to the &lt;strong&gt;Ubuntu Jumpbox&lt;/strong&gt;.&lt;/p&gt;

&lt;p&gt;Use Remote Desktop to start a &lt;code&gt;PuTTY&lt;/code&gt; session.&lt;/p&gt;

&lt;p&gt;Host: &lt;code&gt;10.193.[envSpecific octet].5&lt;/code&gt;&lt;br&gt;
User: &lt;code&gt;pivotal&lt;/code&gt;&lt;br&gt;
Password: [ENVIRONMENT_PASSWORD]&lt;br&gt;&lt;/p&gt;

&lt;p&gt;2) Backup the Ops Manager tile.&lt;/p&gt;

&lt;p&gt;Replace the variables with the table values below.&lt;/p&gt;

&lt;p&gt;This command will take about 15 minutes.&lt;/p&gt;

&lt;pre&gt;&lt;code class=&#34;language-bash&#34;&gt;$ LOG_LEVEL=debug ./cfops backup --opsmanagerhost OPS-MAN-FQDN --adminuser OPS-MAN-ADMIN-USERNAME --adminpass OPS-MAN-ADMIN-PASSWORD --opsmanageruser OPS-MAN-USER --opsmanagerpass OPS-MAN-PASSWORD --opsmanagerpassphrase OPS-MAN-PASSPHRASE --tile TILE --destination DESTINATION-DIRECTORY
&lt;/code&gt;&lt;/pre&gt;

&lt;table&gt;
&lt;thead&gt;
&lt;tr&gt;
&lt;th align=&#34;left&#34;&gt;Variable&lt;/th&gt;
&lt;th align=&#34;left&#34;&gt;Value&lt;/th&gt;
&lt;/tr&gt;
&lt;/thead&gt;

&lt;tbody&gt;
&lt;tr&gt;
&lt;td align=&#34;left&#34;&gt;OPS-MAN-FQDN&lt;/td&gt;
&lt;td align=&#34;left&#34;&gt;opsmgr-[NN].haas-66.pez.pivotal.io&lt;/td&gt;
&lt;/tr&gt;

&lt;tr&gt;
&lt;td align=&#34;left&#34;&gt;OPS-MAN-ADMIN-USERNAME&lt;/td&gt;
&lt;td align=&#34;left&#34;&gt;(provided by your instructor)&lt;/td&gt;
&lt;/tr&gt;

&lt;tr&gt;
&lt;td align=&#34;left&#34;&gt;OPS-MAN-ADMIN-PASSWORD&lt;/td&gt;
&lt;td align=&#34;left&#34;&gt;(provided by your instructor)&lt;/td&gt;
&lt;/tr&gt;

&lt;tr&gt;
&lt;td align=&#34;left&#34;&gt;OPS-MAN-USER&lt;/td&gt;
&lt;td align=&#34;left&#34;&gt;ubuntu&lt;/td&gt;
&lt;/tr&gt;

&lt;tr&gt;
&lt;td align=&#34;left&#34;&gt;OPS-MAN-PASSWORD&lt;/td&gt;
&lt;td align=&#34;left&#34;&gt;(provided by your instructor)&lt;/td&gt;
&lt;/tr&gt;

&lt;tr&gt;
&lt;td align=&#34;left&#34;&gt;OPS-MAN-PASSPHRASE&lt;/td&gt;
&lt;td align=&#34;left&#34;&gt;(provided by your instructor)&lt;/td&gt;
&lt;/tr&gt;

&lt;tr&gt;
&lt;td align=&#34;left&#34;&gt;TILE&lt;/td&gt;
&lt;td align=&#34;left&#34;&gt;ops-manager&lt;/td&gt;
&lt;/tr&gt;

&lt;tr&gt;
&lt;td align=&#34;left&#34;&gt;DESTINATION-DIRECTORY&lt;/td&gt;
&lt;td align=&#34;left&#34;&gt;&lt;strong&gt;.&lt;/strong&gt;/&lt;/td&gt;
&lt;/tr&gt;
&lt;/tbody&gt;
&lt;/table&gt;

&lt;h3 id=&#34;questions&#34;&gt;Questions&lt;/h3&gt;

&lt;ul&gt;
&lt;li&gt;Why must we backup Ops Manager again?&lt;/li&gt;
&lt;/ul&gt;

&lt;h2 id=&#34;deploy-the-new-version-of-ops-manager&#34;&gt;Deploy the New Version of Ops Manager&lt;/h2&gt;

&lt;p&gt;1) From the vSphere Client, right click the Ops Manager VM and select &amp;ldquo;Shut Down Guest&amp;rdquo;. Rename your shut-down Ops Manager to Ops Manager.old.&lt;/p&gt;

&lt;p&gt;2) Use the &lt;a target=&#34;_blank&#34; href=&#34;http://docs.pivotal.io/pivotalcf/customizing/deploying-vm.html&#34;&gt;Deploying Ops Manager to vSphere&lt;/a&gt;
guide as a reference, entering the following values for the specified fields, and
accepting defaults for all other fields.&lt;/p&gt;

&lt;p&gt;From the vSphere client, select &lt;code&gt;File&lt;/code&gt; → &lt;code&gt;Deploy OVF Template&lt;/code&gt;.  When prompted, select the &lt;strong&gt;latest&lt;/strong&gt; version of Ops Manager virtual appliance (&lt;code&gt;*.ova&lt;/code&gt;) in the &lt;code&gt;student-files&lt;/code&gt; folder located on the Desktop of the Windows Jumpbox (Remote Desktop).&lt;/p&gt;

&lt;p&gt;3) Be sure to install your new version of Ops Manager to the env[NN] folder that your original version was deployed to.&lt;/p&gt;

&lt;table&gt;
&lt;thead&gt;
&lt;tr&gt;
&lt;th align=&#34;left&#34;&gt;Field&lt;/th&gt;
&lt;th align=&#34;left&#34;&gt;Value&lt;/th&gt;
&lt;/tr&gt;
&lt;/thead&gt;

&lt;tbody&gt;
&lt;tr&gt;
&lt;td align=&#34;left&#34;&gt;Datastore&lt;/td&gt;
&lt;td align=&#34;left&#34;&gt;LUN01&lt;/td&gt;
&lt;/tr&gt;

&lt;tr&gt;
&lt;td align=&#34;left&#34;&gt;IP Address&lt;/td&gt;
&lt;td align=&#34;left&#34;&gt;10.193.[envSpecific octet].6&lt;/td&gt;
&lt;/tr&gt;

&lt;tr&gt;
&lt;td align=&#34;left&#34;&gt;Netmask&lt;/td&gt;
&lt;td align=&#34;left&#34;&gt;255.255.255.0&lt;/td&gt;
&lt;/tr&gt;

&lt;tr&gt;
&lt;td align=&#34;left&#34;&gt;Gateway&lt;/td&gt;
&lt;td align=&#34;left&#34;&gt;10.193.[envSpecific octet].1&lt;/td&gt;
&lt;/tr&gt;

&lt;tr&gt;
&lt;td align=&#34;left&#34;&gt;DNS Name&lt;/td&gt;
&lt;td align=&#34;left&#34;&gt;10.193.135.2&lt;/td&gt;
&lt;/tr&gt;

&lt;tr&gt;
&lt;td align=&#34;left&#34;&gt;NTP&lt;/td&gt;
&lt;td align=&#34;left&#34;&gt;10.193.135.2&lt;/td&gt;
&lt;/tr&gt;

&lt;tr&gt;
&lt;td align=&#34;left&#34;&gt;Admin Pwd&lt;/td&gt;
&lt;td align=&#34;left&#34;&gt;[ENVIRONMENT_PASSWORD]&lt;/td&gt;
&lt;/tr&gt;
&lt;/tbody&gt;
&lt;/table&gt;

&lt;p&gt;Make sure you check the &lt;code&gt;Power on after deployment&lt;/code&gt; checkbox before clicking &lt;code&gt;Finish&lt;/code&gt;.  The deployment takes ~15 minutes.&lt;/p&gt;

&lt;h2 id=&#34;restore-ops-manager&#34;&gt;Restore Ops Manager&lt;/h2&gt;

&lt;p&gt;1) ssh to the &lt;strong&gt;Ubuntu Jumpbox&lt;/strong&gt;.&lt;/p&gt;

&lt;p&gt;Use Remote Desktop to start a &lt;code&gt;PuTTY&lt;/code&gt; session.&lt;/p&gt;

&lt;p&gt;Host: &lt;code&gt;10.193.[envSpecific octet].5&lt;/code&gt;&lt;br&gt;
User: &lt;code&gt;pivotal&lt;/code&gt;&lt;br&gt;
Password: [ENVIRONMENT_PASSWORD]&lt;br&gt;&lt;/p&gt;

&lt;p&gt;2) Restore Ops Manager using &lt;code&gt;cfops&lt;/code&gt;.&lt;/p&gt;

&lt;pre&gt;&lt;code class=&#34;language-bash&#34;&gt;$ LOG_LEVEL=debug ./cfops restore --opsmanagerhost OPS-MAN-FQDN --adminuser OPS-MAN-ADMIN-USERNAME --adminpass OPS-MAN-ADMIN-PASSWORD --opsmanageruser OPS-MAN-USER --opsmanagerpass OPS-MAN-PASSWORD --opsmanagerpassphrase OPS-MAN-PASSPHRASE --tile TILE --destination DESTINATION-DIRECTORY
&lt;/code&gt;&lt;/pre&gt;

&lt;table&gt;
&lt;thead&gt;
&lt;tr&gt;
&lt;th align=&#34;left&#34;&gt;Variable&lt;/th&gt;
&lt;th align=&#34;left&#34;&gt;Value&lt;/th&gt;
&lt;/tr&gt;
&lt;/thead&gt;

&lt;tbody&gt;
&lt;tr&gt;
&lt;td align=&#34;left&#34;&gt;OPS-MAN-FQDN&lt;/td&gt;
&lt;td align=&#34;left&#34;&gt;opsmgr-[NN].haas-66.pez.pivotal.io&lt;/td&gt;
&lt;/tr&gt;

&lt;tr&gt;
&lt;td align=&#34;left&#34;&gt;OPS-MAN-ADMIN-USERNAME&lt;/td&gt;
&lt;td align=&#34;left&#34;&gt;(provided by your instructor)&lt;/td&gt;
&lt;/tr&gt;

&lt;tr&gt;
&lt;td align=&#34;left&#34;&gt;OPS-MAN-ADMIN-PASSWORD&lt;/td&gt;
&lt;td align=&#34;left&#34;&gt;(provided by your instructor)&lt;/td&gt;
&lt;/tr&gt;

&lt;tr&gt;
&lt;td align=&#34;left&#34;&gt;OPS-MAN-USER&lt;/td&gt;
&lt;td align=&#34;left&#34;&gt;ubuntu&lt;/td&gt;
&lt;/tr&gt;

&lt;tr&gt;
&lt;td align=&#34;left&#34;&gt;OPS-MAN-PASSWORD&lt;/td&gt;
&lt;td align=&#34;left&#34;&gt;(provided by your instructor)&lt;/td&gt;
&lt;/tr&gt;

&lt;tr&gt;
&lt;td align=&#34;left&#34;&gt;OPS-MAN-PASSPHRASE&lt;/td&gt;
&lt;td align=&#34;left&#34;&gt;(provided by your instructor)&lt;/td&gt;
&lt;/tr&gt;

&lt;tr&gt;
&lt;td align=&#34;left&#34;&gt;TILE&lt;/td&gt;
&lt;td align=&#34;left&#34;&gt;ops-manager&lt;/td&gt;
&lt;/tr&gt;

&lt;tr&gt;
&lt;td align=&#34;left&#34;&gt;DESTINATION-DIRECTORY&lt;/td&gt;
&lt;td align=&#34;left&#34;&gt;&lt;strong&gt;.&lt;/strong&gt;/&lt;/td&gt;
&lt;/tr&gt;
&lt;/tbody&gt;
&lt;/table&gt;

&lt;p&gt;This process takes about 30 minutes.&lt;/p&gt;

&lt;p&gt;3) Browse to Ops Manager.  Resolve any issues with orange tiles.  Typically these issues just require uploading stemcells that can be found in the &lt;code&gt;student-files&lt;/code&gt; folder on the Desktop of the Jumpbox (Remote Desktop).&lt;/p&gt;

&lt;p&gt;4) Revisit each tile and make sure to check all (enable) errands.&lt;/p&gt;

&lt;p&gt;5) &lt;code&gt;Apply Changes&lt;/code&gt;.&lt;/p&gt;

&lt;p&gt;This process will take about 1 hour.&lt;/p&gt;

&lt;p&gt;6) Once all changes have been applied, delete the old Ops Manager VM. Using your vSphere client, right click on the powered down &lt;code&gt;Ops Manager.old&lt;/code&gt; VM and choose &lt;code&gt;Delete from Disk&lt;/code&gt;.&lt;/p&gt;

&lt;p&gt;&lt;strong&gt;&lt;em&gt;Congratulations!&lt;/em&gt;&lt;/strong&gt; You have upgraded Ops Manager.&lt;/p&gt;
</description>
    </item>
    
    <item>
      <title>Upgrading Ops Manager Instructor Notes</title>
      <link>/pivotal-cloud-foundry-administrator/upgrading-ops-manager/notes/</link>
      <pubDate>Wed, 20 Jul 2016 09:18:50 -0500</pubDate>
      
      <guid>/pivotal-cloud-foundry-administrator/upgrading-ops-manager/notes/</guid>
      <description>

&lt;h1 id=&#34;what-students-should-know&#34;&gt;What students should know&lt;/h1&gt;

&lt;p&gt;Students should know how to upgrade Ops Manager, and should recognize what components of their installation this process will affect, and how it will affect them.&lt;/p&gt;

&lt;h1 id=&#34;questions&#34;&gt;Questions&lt;/h1&gt;

&lt;p&gt;After completing the lab recap, review the following questions as a class:&lt;/p&gt;

&lt;h2 id=&#34;general-discussion-questions&#34;&gt;General Discussion Questions&lt;/h2&gt;

&lt;p&gt;&lt;strong&gt;Q:&lt;/strong&gt; &lt;em&gt;Do apps continue to run throughout the upgrade process? Why or why not?&lt;/em&gt;&lt;br&gt;
&lt;strong&gt;A:&lt;/strong&gt; They do. You have stopped your original version of Ops Manager, but the Elastic Runtime and Apps Manager continue to run.&lt;/p&gt;

&lt;p&gt;&lt;strong&gt;Q:&lt;/strong&gt; &lt;em&gt;Can you change apps during the upgrade process?  Why or why not?&lt;/em&gt;&lt;br&gt;
&lt;strong&gt;A:&lt;/strong&gt; You cannot.  Any changes to applications will be overwritten when you restore your Ops Manager installation from backup.&lt;/p&gt;

&lt;h2 id=&#34;questions-from-the-lab&#34;&gt;Questions From the Lab&lt;/h2&gt;

&lt;p&gt;&lt;strong&gt;Q:&lt;/strong&gt; &lt;em&gt;Why must we backup Ops Manager again?&lt;/em&gt;&lt;br&gt;
&lt;strong&gt;A:&lt;/strong&gt; To answer this question, go over the differences between restoring and upgrading and what a restore does to your deployment.&lt;/p&gt;

&lt;p&gt;Steps for restore vs. upgrade:&lt;/p&gt;

&lt;ul&gt;
&lt;li&gt;In each, you have the following installed (opsmgr, ER, director).&lt;/li&gt;
&lt;li&gt;You Backup the settings&lt;/li&gt;
&lt;li&gt;In restore:

&lt;ul&gt;
&lt;li&gt;You delete PCF from Ops Manager (all the VMs associated with your deployment are deleted)&lt;/li&gt;
&lt;li&gt;You delete the Ops Man VM&lt;/li&gt;
&lt;li&gt;You redeploy Ops Man from .ova&lt;/li&gt;
&lt;li&gt;You restore settings using cfops&lt;/li&gt;
&lt;li&gt;To restore Ops Mgr you&lt;/li&gt;
&lt;li&gt;&lt;strong&gt;Remove bosh-state.json&lt;/strong&gt; (this file refers to a deployment and the GUIDs of VMs that no longer exist). Deleting it tells your Ops Manager director to deploy new VMs.&lt;/li&gt;
&lt;li&gt;Add Stemcells&lt;/li&gt;
&lt;li&gt;Apply Changes&lt;/li&gt;
&lt;li&gt;Restore creates a new Director, new ER, new MySql&lt;/li&gt;
&lt;/ul&gt;&lt;/li&gt;
&lt;li&gt;In upgrade:

&lt;ul&gt;
&lt;li&gt;You delete (or stop) only the Ops Man VM&lt;/li&gt;
&lt;li&gt;You redeploy new ops manager from .ova&lt;/li&gt;
&lt;li&gt;You restore settings.&lt;/li&gt;
&lt;/ul&gt;&lt;/li&gt;
&lt;/ul&gt;

&lt;p&gt;Your old bosh-state.json (the one in the backup from the previous lab) refers to a different deployment.&lt;/p&gt;

&lt;h1 id=&#34;troubleshooting&#34;&gt;Troubleshooting&lt;/h1&gt;

&lt;p&gt;Troubleshooting guidance for the lab that instructors need to know.&lt;/p&gt;

&lt;h1 id=&#34;feedback&#34;&gt;Feedback&lt;/h1&gt;

&lt;p&gt;Please keep track of all types of feedback, so that we can make this module great.  That includes questions that students may ask that we should be answering up front, lab corrections/improvements, etc.&lt;/p&gt;

&lt;p&gt;Submit feedback to: &lt;a href=&#34;mailto:pcf-administrator-instructor-feedback@pivotal.io&#34;&gt;pcf-administrator-instructor-feedback@pivotal.io&lt;/a&gt;&lt;/p&gt;
</description>
    </item>
    
  </channel>
</rss>