<?xml version="1.0" encoding="utf-8" standalone="yes" ?>
<rss version="2.0" xmlns:atom="http://www.w3.org/2005/Atom">
  <channel>
    <title>Monitorings on Pivotal Cloud Foundry Administrator</title>
    <link>/pivotal-cloud-foundry-administrator/monitoring/</link>
    <description>Recent content in Monitorings on Pivotal Cloud Foundry Administrator</description>
    <generator>Hugo -- gohugo.io</generator>
    <language>en-us</language>
    <copyright>© Copyright Pivotal. All rights reserved.</copyright>
    <lastBuildDate>Thu, 21 Jul 2016 10:32:38 -0500</lastBuildDate>
    <atom:link href="/pivotal-cloud-foundry-administrator/monitoring/index.xml" rel="self" type="application/rss+xml" />
    
    <item>
      <title>Monitoring</title>
      <link>/pivotal-cloud-foundry-administrator/monitoring/</link>
      <pubDate>Thu, 21 Jul 2016 10:32:38 -0500</pubDate>
      
      <guid>/pivotal-cloud-foundry-administrator/monitoring/</guid>
      <description>

&lt;p&gt;Estimated time: 1 hour&lt;/p&gt;

&lt;h1 id=&#34;requirements&#34;&gt;Requirements&lt;/h1&gt;

&lt;p&gt;&lt;a href=&#34;../requirements&#34;&gt;Lab Requirements&lt;/a&gt;&lt;/p&gt;

&lt;h1 id=&#34;what-you-will-learn&#34;&gt;What you will learn&lt;/h1&gt;

&lt;ul&gt;
&lt;li&gt;How to monitor Pivotal Cloud Foundry&lt;/li&gt;
&lt;li&gt;How to configure the JMX Bridge&lt;/li&gt;
&lt;li&gt;How to use the JMX Bridge to view metrics on your Pivotal Cloud Foundry instance&lt;/li&gt;
&lt;li&gt;How to integrate the JMX Bridge with Datadog&lt;/li&gt;
&lt;/ul&gt;

&lt;h1 id=&#34;exercises&#34;&gt;Exercises&lt;/h1&gt;

&lt;h2 id=&#34;understand-jmx-and-jmx-bridge&#34;&gt;Understand JMX and JMX Bridge&lt;/h2&gt;

&lt;p&gt;1) If necessary, review &lt;a target=&#34;_blank&#34; href=&#34;https://en.wikipedia.org/wiki/Java_Management_Extensions&#34; &gt;JMX (Java Management Extensions)&lt;/a&gt;.&lt;/p&gt;

&lt;p&gt;2) Review the &lt;a target=&#34;_blank&#34; href=&#34;https://docs.pivotal.io/jmx-bridge/index.html&#34;&gt;Pivotal Cloud Foundry JMX Bridge&lt;/a&gt;.&lt;/p&gt;

&lt;h3 id=&#34;questions&#34;&gt;Questions&lt;/h3&gt;

&lt;ul&gt;
&lt;li&gt;What components make up the JMX Bridge?&lt;/li&gt;
&lt;/ul&gt;

&lt;h2 id=&#34;configure-the-metics-ip-address-in-ops-manager-director&#34;&gt;Configure the Metics IP address in Ops Manager Director&lt;/h2&gt;

&lt;p&gt;1) In your browser, navigate to Ops Manager.  From the &lt;code&gt;Installation Dashboard&lt;/code&gt;, select the &lt;code&gt;JMX Bridge&lt;/code&gt; tile and navigate to the &lt;code&gt;Status&lt;/code&gt; tab.  Copy the IP address of the &lt;code&gt;JMX Provider&lt;/code&gt;.&lt;/p&gt;

&lt;p&gt;&lt;img src=&#34;../resources/images/jmx-ips.png&#34; alt=&#34;JMX IP&#34; /&gt;&lt;/p&gt;

&lt;p&gt;2) Return to the Installation Dashboard and select the &lt;code&gt;Ops Manager Director&lt;/code&gt; tile.&lt;/p&gt;

&lt;p&gt;Navigate to &lt;code&gt;Director Config&lt;/code&gt; (left margin) under the &lt;code&gt;Settings&lt;/code&gt; tab, and enter the JMX Provider IP address in the &lt;code&gt;Metrics IP Address&lt;/code&gt; field. &lt;code&gt;Save&lt;/code&gt; these settings.&lt;/p&gt;

&lt;p&gt;&lt;img src=&#34;../resources/images/jmx-director-config.png&#34; alt=&#34;Director Config&#34; /&gt;&lt;/p&gt;

&lt;p&gt;&lt;strong&gt;Reminder:&lt;/strong&gt; ensure &lt;code&gt;Errands&lt;/code&gt; are unchecked in both the Elastic Runtime tile and the MySQL tile.&lt;/p&gt;

&lt;p&gt;3) Return to the Installation Dashboard and &lt;code&gt;Apply Changes&lt;/code&gt;.  This should take about 30 minutes.&lt;/p&gt;

&lt;h2 id=&#34;set-up-java-visualvm-to-consume-the-jmx-endpoint&#34;&gt;Set Up Java VisualVM to Consume the JMX endpoint&lt;/h2&gt;

&lt;p&gt;1) Configuring an enterprise monitoring system could take a lot of time, so we will simulate one with &lt;code&gt;visualvm&lt;/code&gt;.&lt;/p&gt;

&lt;p&gt;&lt;strong&gt;From your remote desktop&lt;/strong&gt;, open the &lt;code&gt;visualvm&lt;/code&gt; program located on the desktop.&lt;/p&gt;

&lt;p&gt;2) From the visualVM console select &lt;code&gt;File&lt;/code&gt; → &lt;code&gt;Add JMX Connection&lt;/code&gt;.&lt;/p&gt;

&lt;p&gt;3) Enter the IP address of the JMX Provider (the same IP you entered as the &lt;code&gt;Metrics IP Address&lt;/code&gt; in the Director config) and the port &lt;code&gt;44444&lt;/code&gt; in the connection field.&lt;/p&gt;

&lt;p&gt;For example:&lt;/p&gt;

&lt;p&gt;&lt;img src=&#34;../resources/images/jmx-jvisual-config.png&#34; alt=&#34;jvisual address&#34; /&gt;&lt;/p&gt;

&lt;p&gt;4) Check &amp;ldquo;Use security credentials&amp;rdquo; and enter the username and password (&lt;code&gt;admin&lt;/code&gt; and &lt;code&gt;metrics&lt;/code&gt;) you used to configure your JMX Provider. Check &lt;code&gt;Save security credentials&lt;/code&gt;.&lt;/p&gt;

&lt;p&gt;5) Check &lt;code&gt;Do not require SSL connection&lt;/code&gt;.  Ensure all configuration options are set.&lt;/p&gt;

&lt;p&gt;For example:&lt;/p&gt;

&lt;p&gt;&lt;img src=&#34;../resources/images/jmx-jvisual-final-config.png&#34; alt=&#34;jvisual Final Config&#34; /&gt;&lt;/p&gt;

&lt;p&gt;Select &lt;code&gt;OK&lt;/code&gt;.  visualvm can now display metrics from the JMX endpoint.&lt;/p&gt;

&lt;h2 id=&#34;explore-jmx-metrics&#34;&gt;Explore JMX Metrics&lt;/h2&gt;

&lt;p&gt;1) Review &lt;a target=&#34;_blank&#34; href=&#34;http://docs.pivotal.io/jmx-bridge/use-metrics.html&#34;&gt;important JMX metrics&lt;/a&gt;.&lt;/p&gt;

&lt;p&gt;2) From the  visualvm console, double click on the Remote IP associated with your JMX Provider (left margin).&lt;/p&gt;

&lt;p&gt;For example:&lt;/p&gt;

&lt;p&gt;&lt;img src=&#34;../resources/images/jmx-access-remote.png&#34; alt=&#34;jvisual Remote Access&#34; /&gt;&lt;/p&gt;

&lt;p&gt;3) Select the &lt;code&gt;MBeans&lt;/code&gt; tab and navigate to the &lt;code&gt;org.cloudfoundry&lt;/code&gt; folder.  Open the &lt;code&gt;cf&lt;/code&gt; folder.&lt;/p&gt;

&lt;p&gt;If there is no &lt;code&gt;MBeans&lt;/code&gt; tab available, select &lt;code&gt;tools&lt;/code&gt; → &lt;code&gt;plugins&lt;/code&gt; → &lt;code&gt;available plugins&lt;/code&gt; and install &lt;code&gt;VisualVM - MBeans&lt;/code&gt;. You may have to close and re-open the program for the MBeans tab to appear.&lt;/p&gt;

&lt;p&gt;&lt;img src=&#34;../resources/images/jmx-jvisual-filesystem.png&#34; alt=&#34;jvisual File System&#34; /&gt;&lt;/p&gt;

&lt;p&gt;4) Metrics associated with Cloud Foundry&amp;rsquo;s components are stored in each of the resulting subfolders. Navigate to &lt;code&gt;cloud_controller-partition-&amp;lt;GUID&amp;gt;&lt;/code&gt; → &lt;code&gt;0&lt;/code&gt; and double click on the IP address. Find the &lt;code&gt;opentsdb.nozzle.cc.requests.completed&lt;/code&gt; and &lt;code&gt;opentsdb.nozzle.cc.requests.outstanding&lt;/code&gt; metrics in the resulting list.&lt;/p&gt;

&lt;p&gt;For example:&lt;/p&gt;

&lt;p&gt;&lt;img src=&#34;../resources/images/jmx-cloud-controller-metrics.png&#34; alt=&#34;jvisual Cloud Controller Metrics&#34; /&gt;&lt;/p&gt;

&lt;p&gt;5) From the &lt;code&gt;cf&lt;/code&gt; folder, navigate to &lt;code&gt;router-partition-&amp;lt;GUID&amp;gt;&lt;/code&gt; → &lt;code&gt;0&lt;/code&gt; and double click on the router IP address.  Locate the &lt;code&gt;opentsdb.nozzle.gorouter.requests.CloudController&lt;/code&gt; and the &lt;code&gt;opentsdb.nozzle.gorouter.responses&lt;/code&gt; metrics.&lt;/p&gt;

&lt;p&gt;For example:&lt;/p&gt;

&lt;p&gt;&lt;img src=&#34;../resources/images/jmx-router-metrics.png&#34; alt=&#34;jvisual Cloud Controller Metrics&#34; /&gt;&lt;/p&gt;

&lt;p&gt;6) Explore other metrics available for the Cloud Foundry installation in the &lt;code&gt;cf&lt;/code&gt; folder.&lt;/p&gt;

&lt;p&gt;7) To see metrics on individual virtual machines, close the &lt;code&gt;cf&lt;/code&gt; folder and navigate to the &lt;code&gt;cf-&amp;lt;GUID&amp;gt;&lt;/code&gt; folder.&lt;/p&gt;

&lt;p&gt;8) Open one of the component folders and navigate to the &lt;code&gt;0&lt;/code&gt; → &lt;code&gt;null&lt;/code&gt; attribute.  Note the available metrics.&lt;/p&gt;

&lt;p&gt;&lt;img src=&#34;../resources/images/jmx-virtual-machine-metrics.png&#34; alt=&#34;VM Metrics&#34; /&gt;&lt;/p&gt;

&lt;p&gt;9) Explore other metrics on the virtual machines by navigating to other folders in the &lt;code&gt;cf-&amp;lt;GUID&amp;gt;&lt;/code&gt; folder.&lt;/p&gt;

&lt;h3 id=&#34;question&#34;&gt;Question&lt;/h3&gt;

&lt;ul&gt;
&lt;li&gt;What does it mean if the &lt;code&gt;opentsdb.nozzle.cc.requests.outstanding&lt;/code&gt; metric is high?&lt;/li&gt;
&lt;li&gt;What metric can be used to find the remaining memory capacity for a cell?&lt;/li&gt;
&lt;li&gt;Which Pivotal Cloud Foundry components does the JMX Bridge monitor?&lt;/li&gt;
&lt;/ul&gt;

&lt;h2 id=&#34;create-a-dashboard-with-datadog&#34;&gt;Create a Dashboard With Datadog&lt;/h2&gt;

&lt;p&gt;We will use Datadog to create a monitoring dashboard for our deployment.&lt;/p&gt;

&lt;p&gt;1) &lt;a target=&#34;_blank&#34; href=&#34;https://www.datadoghq.com/&#34;&gt;Sign up for an account with Datadog&lt;/a&gt;.&lt;/p&gt;

&lt;p&gt;2) After logging into Datadog for the first time you will be asked to set up monitoring of your first system.  Choose Ubuntu. Note the resulting statement containing your Datadog API Key (DD_API_KEY). We will execute it in &lt;code&gt;Step 4&lt;/code&gt; (below).&lt;/p&gt;

&lt;p&gt;&lt;img src=&#34;../resources/images/datadog-intro-screen.png&#34; alt=&#34;Datadog&#34; /&gt;&lt;/p&gt;

&lt;p&gt;&lt;img src=&#34;../resources/images/datadog-ubuntu.png&#34; alt=&#34;Datadog Ubuntu&#34; /&gt;&lt;/p&gt;

&lt;p&gt;3) A vanilla ubuntu VM, the Datadog Agent, has been set up for you with all the required software to create a Datadog dashboard.  It is accessible from your Windows Jumpbox.&lt;/p&gt;

&lt;p&gt;Use Remote Desktop to start a &lt;code&gt;PuTTY&lt;/code&gt; session and &lt;code&gt;ssh&lt;/code&gt; to the Datadog Agent machine.&lt;/p&gt;

&lt;p&gt;&lt;strong&gt;NOTE:&lt;/strong&gt; When using PuTTY, CTRL+c and CTRL+v will NOT work for copy or paste. To paste, right-click.  Selecting text &lt;em&gt;automatically&lt;/em&gt; moves the text to your clipboard.&lt;/p&gt;

&lt;p&gt;(lookup the [DATA-DOG-AGENT-IP] in the environment config variable spreadsheet given to you by your instructor&lt;/p&gt;

&lt;p&gt;Host: [DATA-DOG-AGENT-IP]&lt;br&gt;
User: &lt;code&gt;pivotal&lt;/code&gt;&lt;br&gt;
Password: (Provided by your instructor)&lt;br&gt;&lt;/p&gt;

&lt;p&gt;4) Install the agent.&lt;/p&gt;

&lt;p&gt;Use the command from &lt;code&gt;Step 2&lt;/code&gt;.&lt;/p&gt;

&lt;p&gt;5) Stop the Datadog agent.&lt;/p&gt;

&lt;pre&gt;&lt;code&gt;$ sudo /etc/init.d/datadog-agent stop
&lt;/code&gt;&lt;/pre&gt;

&lt;p&gt;6) Create the Datadog configuration file (&lt;code&gt;/etc/dd-agent/conf.d/jmx.yaml&lt;/code&gt;) and substitute the variables with tables values below. &lt;strong&gt;NOTE:&lt;/strong&gt; you must use &lt;code&gt;sudo&lt;/code&gt; to create this file.&lt;/p&gt;

&lt;p&gt;Review the Datadog Java Integration documentation &lt;a target=&#34;_blank&#34; href=&#34;https://app.datadoghq.com/account/settings#integrations/java&#34;&gt;here&lt;/a&gt;.&lt;/p&gt;

&lt;pre&gt;&lt;code&gt;init_config:
instances:
  - host: JMX-PROVIDER-IP
    port: 44444
    name: PCF
    user: USER
    password: PASSWORD
    max_returned_metrics: 10000

    conf:
      - include:
          domain: org.cloudfoundry
&lt;/code&gt;&lt;/pre&gt;

&lt;table&gt;
&lt;thead&gt;
&lt;tr&gt;
&lt;th align=&#34;left&#34;&gt;Variable&lt;/th&gt;
&lt;th align=&#34;left&#34;&gt;Value&lt;/th&gt;
&lt;/tr&gt;
&lt;/thead&gt;

&lt;tbody&gt;
&lt;tr&gt;
&lt;td align=&#34;left&#34;&gt;JMX-PROVIDER-IP&lt;/td&gt;
&lt;td align=&#34;left&#34;&gt;JMX-PROVIDER-IP-FROM-OPS-MANAGER&lt;/td&gt;
&lt;/tr&gt;

&lt;tr&gt;
&lt;td align=&#34;left&#34;&gt;USER&lt;/td&gt;
&lt;td align=&#34;left&#34;&gt;admin&lt;/td&gt;
&lt;/tr&gt;

&lt;tr&gt;
&lt;td align=&#34;left&#34;&gt;PASSWORD&lt;/td&gt;
&lt;td align=&#34;left&#34;&gt;metrics&lt;/td&gt;
&lt;/tr&gt;
&lt;/tbody&gt;
&lt;/table&gt;

&lt;p&gt;(note that the values for USER and PASSWORD are those you used when setting up the JMX tile)&lt;/p&gt;

&lt;p&gt;7) Start the Datadog agent.&lt;/p&gt;

&lt;pre&gt;&lt;code&gt;$ sudo /etc/init.d/datadog-agent start
&lt;/code&gt;&lt;/pre&gt;

&lt;p&gt;8) Create a Datadog App Key.&lt;/p&gt;

&lt;p&gt;Open a browser to the Datadog website.  Navigate to &lt;code&gt;Integrations&lt;/code&gt; → &lt;code&gt;APIs&lt;/code&gt;.  Then create an APP key. Name the app PivotalCloudFoundry.&lt;/p&gt;

&lt;p&gt;&lt;img src=&#34;../resources/images/jmx-datadog-app-key.png&#34; alt=&#34;App key&#34; /&gt;&lt;/p&gt;

&lt;p&gt;9) Return to the &lt;code&gt;PuTTY&lt;/code&gt; session on your remote desktop and download the &lt;code&gt;datadog-dashboard-gen&lt;/code&gt; application.&lt;/p&gt;

&lt;pre&gt;&lt;code&gt;$ curl -o datadog-dashboard-gen https://s3.amazonaws.com/pivotal-cloud-foundry-administrator/datadog-dashboard-gen
&lt;/code&gt;&lt;/pre&gt;

&lt;p&gt;10) Make &lt;code&gt;datadog-dashboard-gen&lt;/code&gt; application executable.&lt;/p&gt;

&lt;pre&gt;&lt;code&gt;$ chmod +x datadog-dashboard-gen
&lt;/code&gt;&lt;/pre&gt;

&lt;p&gt;11) Review the usage.&lt;/p&gt;

&lt;pre&gt;&lt;code&gt;$ ./datadog-dashboard-gen --help
&lt;/code&gt;&lt;/pre&gt;

&lt;p&gt;12) Create the dashboard.&lt;/p&gt;

&lt;p&gt;Substitute the variables with the values from the table.&lt;/p&gt;

&lt;pre&gt;&lt;code&gt;$ ./datadog-dashboard-gen -opsman_user=OPSMAN-USER -opsman_password=OPSMAN-PASSWORD  -opsman_ip=OPSMAN-IP -uaa_domain=UAA-DOMAIN -ddapikey=DATADOG-API-KEY -ddappkey=DATADOG-APP-KEY -use_ops_metrics
&lt;/code&gt;&lt;/pre&gt;

&lt;table&gt;
&lt;thead&gt;
&lt;tr&gt;
&lt;th align=&#34;left&#34;&gt;Variable&lt;/th&gt;
&lt;th align=&#34;left&#34;&gt;Value&lt;/th&gt;
&lt;/tr&gt;
&lt;/thead&gt;

&lt;tbody&gt;
&lt;tr&gt;
&lt;td align=&#34;left&#34;&gt;OPSMAN-USER&lt;/td&gt;
&lt;td align=&#34;left&#34;&gt;admin&lt;/td&gt;
&lt;/tr&gt;

&lt;tr&gt;
&lt;td align=&#34;left&#34;&gt;OPSMAN-PASSWORD&lt;/td&gt;
&lt;td align=&#34;left&#34;&gt;(Provided by your instructor)&lt;/td&gt;
&lt;/tr&gt;

&lt;tr&gt;
&lt;td align=&#34;left&#34;&gt;OPSMAN-IP&lt;/td&gt;
&lt;td align=&#34;left&#34;&gt;opsmgr-[NN].haas-66.pez.pivotal.io&lt;/td&gt;
&lt;/tr&gt;

&lt;tr&gt;
&lt;td align=&#34;left&#34;&gt;UAA-DOMAIN&lt;/td&gt;
&lt;td align=&#34;left&#34;&gt;opsmgr-[NN].haas-66.pez.pivotal.io/uaa&lt;/td&gt;
&lt;/tr&gt;

&lt;tr&gt;
&lt;td align=&#34;left&#34;&gt;DATADOG-API-KEY&lt;/td&gt;
&lt;td align=&#34;left&#34;&gt;obtain your API key from Datadog&lt;/td&gt;
&lt;/tr&gt;

&lt;tr&gt;
&lt;td align=&#34;left&#34;&gt;DATADOG-APP-KEY&lt;/td&gt;
&lt;td align=&#34;left&#34;&gt;obtain your APP key from Datadog&lt;/td&gt;
&lt;/tr&gt;
&lt;/tbody&gt;
&lt;/table&gt;

&lt;p&gt;13) Open a browser to the Datadog website.  Navigate to &lt;code&gt;Dashboards&lt;/code&gt; → &lt;code&gt;Dashboard List&lt;/code&gt; → &lt;code&gt;PCF Stoplights&lt;/code&gt;.&lt;/p&gt;

&lt;p&gt;Explore the dashboard.&lt;/p&gt;

&lt;p&gt;&lt;img src=&#34;../resources/images/pcf-stoplights.png&#34; alt=&#34;PCF Stop Lights&#34; /&gt;&lt;/p&gt;

&lt;p&gt;&lt;strong&gt;Congratulations!&lt;/strong&gt; You have finished the JMX-Bridge lab.&lt;/p&gt;

&lt;h1 id=&#34;beyond-the-class&#34;&gt;Beyond The Class&lt;/h1&gt;

&lt;p&gt;&lt;a target=&#34;_blank&#34; href=&#34;https://docs.google.com/document/d/1f4eYjzgwJc_bwpGf-n38Pwpal6rAXLpIIP4aKrqkfIg/edit#&#34;&gt;Review the Pivotal Cloud Foundry Monitoring Cookbook&lt;/a&gt;&lt;/p&gt;
</description>
    </item>
    
    <item>
      <title>Monitoring Instructor Notes</title>
      <link>/pivotal-cloud-foundry-administrator/monitoring/notes/</link>
      <pubDate>Wed, 20 Jul 2016 09:18:50 -0500</pubDate>
      
      <guid>/pivotal-cloud-foundry-administrator/monitoring/notes/</guid>
      <description>

&lt;h1 id=&#34;what-students-should-know&#34;&gt;What students should know&lt;/h1&gt;

&lt;p&gt;Students should know how to configure JMX bridge in order to get metrics from their PCF installation and should familiarize themselves with some of those metrics. They should gain familiarity with sending metrics to an external aggregator.  Finally, they should get an understanding of what loggregator and nozzles do.&lt;/p&gt;

&lt;h2 id=&#34;monitoring-approaches&#34;&gt;Monitoring Approaches&lt;/h2&gt;

&lt;p&gt;How to monitor Pivotal Cloud Foundry is constantly evolving and has several approaches.  Please familiarize yourself with this &lt;a target=&#34;_blank&#34; href=&#34;https://docs.google.com/document/d/1f4eYjzgwJc_bwpGf-n38Pwpal6rAXLpIIP4aKrqkfIg/edit#&#34;&gt;document&lt;/a&gt;.&lt;/p&gt;

&lt;p&gt;In the building of this course two approaches surfaced to the top:&lt;/p&gt;

&lt;h3 id=&#34;jmx-bridge&#34;&gt;JMX Bridge&lt;/h3&gt;

&lt;p&gt;This is Pivotal&amp;rsquo;s officially supported approach.  It includes metrics from the firehose, the BOSH Health Monitor and even some metrics missing from the firehose (pre 1.8).  It has detractors; primarily due to lack of scale and HA.  Only one JMX Provider is allowed.&lt;/p&gt;

&lt;h3 id=&#34;nozzles&#34;&gt;Nozzles&lt;/h3&gt;

&lt;p&gt;Nozzles are the future (and the present) for CF.  We actually deploy a Datadog nozzle with BOSH so this approach can be seen as well.  They provide scale, HA and there are less hops through the system.  However, Pivotal does not offically support any nozzles.  They are OSS.  At the time of writing I am not sure when BOSH Health Monitor metrics will be included in the Firehose (maybe 1.8?).  To work around that there are BOSH Health Monitor plugins like Datadog or the &lt;a target=&#34;_blank&#34; href=&#34;https://github.com/cloudfoundry/loggregator/tree/develop/src/boshhmforwarder&#34;&gt;boshhmforwarder&lt;/a&gt;.&lt;/p&gt;

&lt;h1 id=&#34;questions&#34;&gt;Questions&lt;/h1&gt;

&lt;p&gt;After completing the lab recap, review the following questions as a class:&lt;/p&gt;

&lt;h2 id=&#34;general-discussion-questions&#34;&gt;General Discussion Questions&lt;/h2&gt;

&lt;p&gt;&lt;strong&gt;Q:&lt;/strong&gt; &lt;em&gt;At the end of this section, what did we accomplish?&lt;/em&gt; &lt;br&gt;
&lt;strong&gt;A:&lt;/strong&gt; In this lab, we deployed the OpenTSDB nozzle to grab metrics from the PCF firehose and deliver them to a JMX endpoint.  From there, we built a Datadog Dashboard to display those metrics.&lt;/p&gt;

&lt;p&gt;&lt;strong&gt;Q:&lt;/strong&gt; &lt;em&gt;What would you do if you wanted to highlight specific metrics in Datadog?&lt;/em&gt; &lt;br&gt;
In order to see different metrics, you&amp;rsquo;d create a new dashboard tuned to those metrics.&lt;/p&gt;

&lt;h2 id=&#34;questions-from-the-lab&#34;&gt;Questions From the Lab&lt;/h2&gt;

&lt;p&gt;&lt;strong&gt;Q:&lt;/strong&gt; &lt;em&gt;What is JMX?&lt;/em&gt;&lt;br&gt;
&lt;strong&gt;A:&lt;/strong&gt; JMX specifications provide tools in the Java language for managing and monitoring resources. In this case, we&amp;rsquo;ll use JMX to monitor our PCF Installation.&lt;/p&gt;

&lt;p&gt;&lt;strong&gt;Q:&lt;/strong&gt; &lt;em&gt;What components make up the JMX Bridge?&lt;/em&gt;&lt;br&gt;
&lt;strong&gt;A:&lt;/strong&gt;  There is a nozzle (OpenTSDB) and the JMX provider. From documentation, students may add &amp;lsquo;a VM that governs compilation&amp;rsquo; but this is not a component of the JMX Bridge. The nozzle delivers data from the firehose to the JMX provider, which exposes system data via a JMX endpoint.&lt;/p&gt;

&lt;p&gt;&lt;strong&gt;Q:&lt;/strong&gt; &lt;em&gt;What does it mean if the &lt;code&gt;opentsdb.nozzle.cc.requests.outstanding&lt;/code&gt; metric is high?&lt;/em&gt;&lt;br&gt;
&lt;strong&gt;A:&lt;/strong&gt;  It means that there is a lot of pending activity in the system. It could mean that the system is under higher than normal load, but if it remains elevated for an extended period, it could mean requests to the Cloud Controller are failing and troubleshooting, including scaling, could be necessary.&lt;/p&gt;

&lt;p&gt;&lt;strong&gt;Q:&lt;/strong&gt; &lt;em&gt;What metric can be used to find the remaining memory capacity for a cell?&lt;/em&gt; &lt;br&gt;
&lt;strong&gt;A:&lt;/strong&gt; The opentsdb.nozzle.rep.CapacityRemainingMemory.&lt;/p&gt;

&lt;p&gt;&lt;strong&gt;Q:&lt;/strong&gt; &lt;em&gt;Which components of Cloud Foundry does the JMX Bridge monitor?&lt;/em&gt;&lt;br&gt;
&lt;strong&gt;A:&lt;/strong&gt; All of them!&lt;/p&gt;

&lt;h1 id=&#34;troubleshooting&#34;&gt;Troubleshooting&lt;/h1&gt;

&lt;p&gt;&lt;strong&gt;VisualVM:&lt;/strong&gt; If OpenTSDB MBean metrics do not appear in VisualVM (only system metrics appear), students should restart jvisualvm.&lt;/p&gt;

&lt;p&gt;&lt;strong&gt;Datadog Dashboard:&lt;/strong&gt; (if the metrics don&amp;rsquo;t show up, etc.), have students look at the Datadog logs. Those are available in their PuTTY session by going to /var/log/datadog and looking at the log files.&lt;/p&gt;

&lt;h1 id=&#34;feedback&#34;&gt;Feedback&lt;/h1&gt;

&lt;p&gt;Please keep track of all types of feedback, so that we can make this module great.  That includes questions that students may ask that we should be answering up front, lab corrections/improvements, etc.&lt;/p&gt;

&lt;p&gt;Submit feedback to: &lt;a href=&#34;mailto:pcf-administrator-instructor-feedback@pivotal.io&#34;&gt;pcf-administrator-instructor-feedback@pivotal.io&lt;/a&gt;&lt;/p&gt;
</description>
    </item>
    
  </channel>
</rss>