<?xml version="1.0" encoding="utf-8" standalone="yes" ?>
<rss version="2.0" xmlns:atom="http://www.w3.org/2005/Atom">
  <channel>
    <title>Restoring-pivotal-cloud-foundries on Pivotal Cloud Foundry Administrator</title>
    <link>/pivotal-cloud-foundry-administrator/restoring-pivotal-cloud-foundry/</link>
    <description>Recent content in Restoring-pivotal-cloud-foundries on Pivotal Cloud Foundry Administrator</description>
    <generator>Hugo -- gohugo.io</generator>
    <language>en-us</language>
    <copyright>© Copyright Pivotal. All rights reserved.</copyright>
    <lastBuildDate>Thu, 21 Jul 2016 11:21:10 -0500</lastBuildDate>
    <atom:link href="/pivotal-cloud-foundry-administrator/restoring-pivotal-cloud-foundry/index.xml" rel="self" type="application/rss+xml" />
    
    <item>
      <title>Restoring Pivotal Cloud Foundry</title>
      <link>/pivotal-cloud-foundry-administrator/restoring-pivotal-cloud-foundry/</link>
      <pubDate>Thu, 21 Jul 2016 11:21:10 -0500</pubDate>
      
      <guid>/pivotal-cloud-foundry-administrator/restoring-pivotal-cloud-foundry/</guid>
      <description>

&lt;p&gt;Estimated time: 6 hours&lt;/p&gt;

&lt;h1 id=&#34;requirements&#34;&gt;Requirements&lt;/h1&gt;

&lt;p&gt;&lt;a href=&#34;../requirements&#34;&gt;Lab Requirements&lt;/a&gt;&lt;/p&gt;

&lt;h1 id=&#34;what-you-will-learn&#34;&gt;What you will learn&lt;/h1&gt;

&lt;ul&gt;
&lt;li&gt;How to delete a Pivotal Cloud Foundry installation&lt;/li&gt;
&lt;li&gt;How to restore Pivotal Cloud Foundry Ops Manager using &lt;code&gt;cfops&lt;/code&gt;&lt;/li&gt;
&lt;li&gt;How to restore Pivotal Cloud Foundry Elastic Runtime using &lt;code&gt;cfops&lt;/code&gt;&lt;/li&gt;
&lt;/ul&gt;

&lt;h1 id=&#34;exercises&#34;&gt;Exercises&lt;/h1&gt;

&lt;h2 id=&#34;review-restoring-pivotal-cloud-foundry&#34;&gt;Review Restoring Pivotal Cloud Foundry&lt;/h2&gt;

&lt;p&gt;1) Review the Pivotal prescribed way of &lt;a target=&#34;_blank&#34; href=&#34;http://docs.pivotal.io/pivotalcf/customizing/backup-restore/restore-pcf.html&#34;&gt;restoring a Pivotal Cloud Foundry installation&lt;/a&gt;.&lt;/p&gt;

&lt;p&gt;2) Review the &lt;code&gt;cfops&lt;/code&gt; application &lt;a target=&#34;_blank&#34; href=&#34;http://www.cfops.io/&#34;&gt;Github repo&lt;/a&gt; and  &lt;a target=&#34;_blank&#34; href=&#34;http://www.cfops.io/&#34;&gt;documentation&lt;/a&gt;.&lt;/p&gt;

&lt;h2 id=&#34;review-the-state-of-the-pivotal-elastic-runtime&#34;&gt;Review the State of the Pivotal Elastic Runtime&lt;/h2&gt;

&lt;p&gt;1) Log in as &lt;code&gt;admin&lt;/code&gt; and refresh your memory on the details about your environment.&lt;/p&gt;

&lt;p&gt;Use the commands below to explore your environment.&lt;/p&gt;

&lt;pre&gt;&lt;code&gt;$ cf orgs
$ cf spaces
$ cf org-users
$ cf space-users
$ cf apps
$ cf services
&lt;/code&gt;&lt;/pre&gt;

&lt;h3 id=&#34;questions&#34;&gt;Questions&lt;/h3&gt;

&lt;ul&gt;
&lt;li&gt;What orgs, users, spaces, and roles exist?&lt;/li&gt;
&lt;li&gt;What apps and services exist?&lt;/li&gt;
&lt;/ul&gt;

&lt;h2 id=&#34;delete-your-pivotal-cloud-foundry-installation&#34;&gt;Delete Your Pivotal Cloud Foundry Installation&lt;/h2&gt;

&lt;p&gt;1) Delete the Pivotal Cloud Foundry Installation.&lt;/p&gt;

&lt;p&gt;Browse to the &lt;code&gt;Ops Manager Installation Dashboard&lt;/code&gt; → Click on the &lt;code&gt;Gear Icon&lt;/code&gt; → Select &lt;code&gt;Delete this installation&lt;/code&gt;.  Then &lt;code&gt;Apply Changes&lt;/code&gt;.  This process takes about 15 minutes.&lt;/p&gt;

&lt;p&gt;&lt;strong&gt;&lt;em&gt;NOTE: Wait for this to complete before proceeding!&lt;/em&gt;&lt;/strong&gt;  Sometimes the progress bar will freeze, if so you can check the installation logs by selecting the &lt;code&gt;admin-&amp;gt;Change Log&lt;/code&gt; menu option in the upper right corner of the Ops Manager UI.  Select the latest log file, scroll to the bottom and verify the deletion has completed and exited with an exit code of 0.&lt;/p&gt;

&lt;p&gt;&lt;img src=&#34;../resources/images/delete-pcf.png&#34; alt=&#34;Delete PCF&#34; /&gt;&lt;/p&gt;

&lt;p&gt;2) Navigate to the vSphere client on the remote desktop. Ensure that you are in the VMs and templates view.  Right click on the Ops Manager VM and select Power &amp;gt; Off.&lt;/p&gt;

&lt;p&gt;3) Right click on the powered-down Ops Manager VM and select &lt;code&gt;Delete from Disk&lt;/code&gt;.&lt;/p&gt;

&lt;h2 id=&#34;deploy-the-ops-manager-vm&#34;&gt;Deploy the Ops Manager VM&lt;/h2&gt;

&lt;p&gt;1) Use the &lt;a target=&#34;_blank&#34; href=&#34;http://docs.pivotal.io/pivotalcf/customizing/deploying-vm.html&#34;&gt;Deploying Ops Manager to vSphere&lt;/a&gt;
guide as a reference, entering the following values for the specified fields, and
accepting defaults for all other fields.&lt;/p&gt;

&lt;p&gt;Deploy the earliest version of Ops Manager virtual appliance (&lt;code&gt;*.ova&lt;/code&gt;) in the &lt;code&gt;student-files&lt;/code&gt; folder located on the Desktop of the Window Jumpbox (Remote Desktop).  Failure to do so will cause problems in a later lab when upgrading the environment.&lt;/p&gt;

&lt;table&gt;
&lt;thead&gt;
&lt;tr&gt;
&lt;th align=&#34;left&#34;&gt;Field&lt;/th&gt;
&lt;th align=&#34;left&#34;&gt;Value&lt;/th&gt;
&lt;/tr&gt;
&lt;/thead&gt;

&lt;tbody&gt;
&lt;tr&gt;
&lt;td align=&#34;left&#34;&gt;Datastore&lt;/td&gt;
&lt;td align=&#34;left&#34;&gt;LUN01&lt;/td&gt;
&lt;/tr&gt;

&lt;tr&gt;
&lt;td align=&#34;left&#34;&gt;IP Address&lt;/td&gt;
&lt;td align=&#34;left&#34;&gt;10.193.[envSpecific octet].6&lt;/td&gt;
&lt;/tr&gt;

&lt;tr&gt;
&lt;td align=&#34;left&#34;&gt;Netmask&lt;/td&gt;
&lt;td align=&#34;left&#34;&gt;255.255.255.0&lt;/td&gt;
&lt;/tr&gt;

&lt;tr&gt;
&lt;td align=&#34;left&#34;&gt;Gateway&lt;/td&gt;
&lt;td align=&#34;left&#34;&gt;10.193.[envSpecific octet].1&lt;/td&gt;
&lt;/tr&gt;

&lt;tr&gt;
&lt;td align=&#34;left&#34;&gt;DNS Name&lt;/td&gt;
&lt;td align=&#34;left&#34;&gt;10.193.135.2&lt;/td&gt;
&lt;/tr&gt;

&lt;tr&gt;
&lt;td align=&#34;left&#34;&gt;NTP&lt;/td&gt;
&lt;td align=&#34;left&#34;&gt;10.193.135.2&lt;/td&gt;
&lt;/tr&gt;

&lt;tr&gt;
&lt;td align=&#34;left&#34;&gt;Admin Pwd&lt;/td&gt;
&lt;td align=&#34;left&#34;&gt;[ENVIRONMENT_PASSWORD]&lt;/td&gt;
&lt;/tr&gt;
&lt;/tbody&gt;
&lt;/table&gt;

&lt;p&gt;Make sure you check the &lt;code&gt;Power on after deployment&lt;/code&gt; checkbox before clicking &lt;code&gt;Finish&lt;/code&gt;.  The deployment takes ~15 minutes.&lt;/p&gt;

&lt;p&gt;&lt;strong&gt;&lt;em&gt;NOTE:&lt;/em&gt;&lt;/strong&gt; After provisioning Ops Manager &lt;strong&gt;do not&lt;/strong&gt; proceed to configure Ops Manager via web GUI interface.&lt;/p&gt;

&lt;h2 id=&#34;restore-ops-manager&#34;&gt;Restore Ops Manager&lt;/h2&gt;

&lt;p&gt;1) From the Remote Desktop, start a &lt;code&gt;PuTTY&lt;/code&gt; session to &lt;code&gt;ssh&lt;/code&gt; to the &lt;strong&gt;Ubuntu Jumpbox&lt;/strong&gt;.&lt;/p&gt;

&lt;p&gt;Host: &lt;code&gt;10.193.[envSpecific octet].5&lt;/code&gt;&lt;br&gt;
User: &lt;code&gt;pivotal&lt;/code&gt;&lt;br&gt;
Password: [ENVIRONMENT_PASSWORD]&lt;br&gt;&lt;/p&gt;

&lt;p&gt;2) Change directories.&lt;/p&gt;

&lt;pre&gt;&lt;code&gt;$ cd ~/backups
&lt;/code&gt;&lt;/pre&gt;

&lt;p&gt;3) Review the &lt;code&gt;restore&lt;/code&gt; command usage.&lt;/p&gt;

&lt;pre&gt;&lt;code&gt;$ ./cfops help restore
&lt;/code&gt;&lt;/pre&gt;

&lt;p&gt;4) Restore Ops Manager using &lt;code&gt;cfops&lt;/code&gt;.&lt;/p&gt;

&lt;pre&gt;&lt;code class=&#34;language-bash&#34;&gt;$ LOG_LEVEL=debug ./cfops restore --opsmanagerhost OPS-MAN-FQDN --adminuser OPS-MAN-ADMIN-USERNAME --adminpass OPS-MAN-ADMIN-PASSWORD --opsmanageruser OPS-MAN-USER --opsmanagerpass OPS-MAN-PASSWORD --opsmanagerpassphrase OPS-MAN-PASSPHRASE --tile TILE --destination DESTINATION-DIRECTORY
&lt;/code&gt;&lt;/pre&gt;

&lt;table&gt;
&lt;thead&gt;
&lt;tr&gt;
&lt;th align=&#34;left&#34;&gt;Variable&lt;/th&gt;
&lt;th align=&#34;left&#34;&gt;Value&lt;/th&gt;
&lt;/tr&gt;
&lt;/thead&gt;

&lt;tbody&gt;
&lt;tr&gt;
&lt;td align=&#34;left&#34;&gt;OPS-MAN-FQDN&lt;/td&gt;
&lt;td align=&#34;left&#34;&gt;opsmgr-[NN].haas-66.pez.pivotal.io&lt;/td&gt;
&lt;/tr&gt;

&lt;tr&gt;
&lt;td align=&#34;left&#34;&gt;OPS-MAN-ADMIN-USERNAME&lt;/td&gt;
&lt;td align=&#34;left&#34;&gt;(provided by your instructor)&lt;/td&gt;
&lt;/tr&gt;

&lt;tr&gt;
&lt;td align=&#34;left&#34;&gt;OPS-MAN-ADMIN-PASSWORD&lt;/td&gt;
&lt;td align=&#34;left&#34;&gt;(provided by your instructor)&lt;/td&gt;
&lt;/tr&gt;

&lt;tr&gt;
&lt;td align=&#34;left&#34;&gt;OPS-MAN-USER&lt;/td&gt;
&lt;td align=&#34;left&#34;&gt;ubuntu&lt;/td&gt;
&lt;/tr&gt;

&lt;tr&gt;
&lt;td align=&#34;left&#34;&gt;OPS-MAN-PASSWORD&lt;/td&gt;
&lt;td align=&#34;left&#34;&gt;(provided by your instructor)&lt;/td&gt;
&lt;/tr&gt;

&lt;tr&gt;
&lt;td align=&#34;left&#34;&gt;OPS-MAN-PASSPHRASE&lt;/td&gt;
&lt;td align=&#34;left&#34;&gt;(provided by your instructor)&lt;/td&gt;
&lt;/tr&gt;

&lt;tr&gt;
&lt;td align=&#34;left&#34;&gt;TILE&lt;/td&gt;
&lt;td align=&#34;left&#34;&gt;ops-manager&lt;/td&gt;
&lt;/tr&gt;

&lt;tr&gt;
&lt;td align=&#34;left&#34;&gt;DESTINATION-DIRECTORY&lt;/td&gt;
&lt;td align=&#34;left&#34;&gt;&lt;strong&gt;.&lt;/strong&gt;/&lt;/td&gt;
&lt;/tr&gt;
&lt;/tbody&gt;
&lt;/table&gt;

&lt;p&gt;The process should take about 30 minutes.&lt;/p&gt;

&lt;p&gt;5) Rename the &lt;code&gt;bosh-state.json&lt;/code&gt; file on the Ops Manager virtual machine. SSH into the Ops Manager VM:&lt;/p&gt;

&lt;pre&gt;&lt;code&gt;$ ssh ubuntu@opsmgr-[NN].haas-66.pez.pivotal.io
$ sudo mv /var/tempest/workspaces/default/deployments/bosh-state.json /var/tempest/workspaces/default/deployments/bosh-state.json.old
&lt;/code&gt;&lt;/pre&gt;

&lt;h3 id=&#34;questions-1&#34;&gt;Questions&lt;/h3&gt;

&lt;ul&gt;
&lt;li&gt;Why must &lt;code&gt;bosh-state.json&lt;/code&gt; be renamed?&lt;/li&gt;
&lt;/ul&gt;

&lt;h2 id=&#34;deploy&#34;&gt;Deploy&lt;/h2&gt;

&lt;p&gt;1) On your remote desktop, navigate to your ops manager installation using your FQDN and log in.&lt;/p&gt;

&lt;p&gt;2) Resolve any issues with orange tiles.  Typically these issues just require uploading stemcells that can be found in the &lt;code&gt;student-files&lt;/code&gt; folder on the Desktop of the Jumpbox (Remote Desktop).&lt;/p&gt;

&lt;p&gt;3) Revisit each tile and make sure to enable (check) all errands.&lt;/p&gt;

&lt;p&gt;4) Return to the Installation Dashboard and select &lt;code&gt;Apply Changes&lt;/code&gt;.  The process should take about 3.5 hours.  Wait until completion before moving onto the next section.&lt;/p&gt;

&lt;p&gt;&lt;strong&gt;&lt;em&gt;NOTE:&lt;/em&gt;&lt;/strong&gt; If the install fails quickly on the &lt;code&gt;Uploading Stemcell for Elastic Runtime&lt;/code&gt; task, ensure the &lt;code&gt;bosh-state.json&lt;/code&gt; has been deleted from the Ops Manager VM.&lt;/p&gt;

&lt;h3 id=&#34;questions-2&#34;&gt;Questions&lt;/h3&gt;

&lt;ul&gt;
&lt;li&gt;Explore your installation dashboard and tiles.  By restoring Ops Manager, what components of your Pivotal Cloud Foundry installation have you brought back?&lt;/li&gt;
&lt;/ul&gt;

&lt;h2 id=&#34;review-how-ops-manager-restore-affects-the-state-of-the-elastic-runtime&#34;&gt;Review how Ops Manager Restore affects the State of the Elastic Runtime&lt;/h2&gt;

&lt;p&gt;1) Log in as &lt;code&gt;admin&lt;/code&gt; and explore the details about your environment.&lt;/p&gt;

&lt;p&gt;Use the commands below to explore your environment.&lt;/p&gt;

&lt;pre&gt;&lt;code&gt;$ cf orgs
$ cf spaces
$ cf org-users
$ cf space-users
$ cf apps
$ cf services
&lt;/code&gt;&lt;/pre&gt;

&lt;h3 id=&#34;questions-3&#34;&gt;Questions&lt;/h3&gt;

&lt;ul&gt;
&lt;li&gt;What orgs, users, spaces, and roles exist?&lt;/li&gt;
&lt;li&gt;What apps and services exist?&lt;/li&gt;
&lt;li&gt;What is different?  And why?&lt;/li&gt;
&lt;/ul&gt;

&lt;h2 id=&#34;restore-mysql&#34;&gt;Restore MySQL&lt;/h2&gt;

&lt;p&gt;1) Log in to Ops Mangager, navigate to MySQL For Pivotal Cloud Foundry → Status and locate the IP of your MySQL server(s). If there is more than one IP, any one will work.&lt;/p&gt;

&lt;p&gt;&lt;img src=&#34;../resources/images/mysql-ips.png&#34; alt=&#34;MySQL server IPs&#34; /&gt;&lt;/p&gt;

&lt;p&gt;2) Navigate to MySQL For Pivotal Cloud Foundry → Credentials and click the link to display the MySQL Admin Password credentials. Note the password, you will need it in steps 3 and 4.&lt;/p&gt;

&lt;p&gt;&lt;img src=&#34;../resources/images/mysql-credentials.png&#34; alt=&#34;MySQL credentials&#34; /&gt;&lt;/p&gt;

&lt;p&gt;3) Restore MySQL with &lt;code&gt;mysqldump&lt;/code&gt;. Run the following command.&lt;/p&gt;

&lt;pre&gt;&lt;code&gt;$ mysql -u root -p -h MYSQL_SERVER_IP &amp;lt; mysql-tile.sql
&lt;/code&gt;&lt;/pre&gt;

&lt;p&gt;4) Re-apply users privileges:&lt;/p&gt;

&lt;pre&gt;&lt;code&gt;$ mysql -u root -p -h MYSQL_SERVER_IP -e &amp;quot;FLUSH PRIVILEGES&amp;quot;
&lt;/code&gt;&lt;/pre&gt;

&lt;h3 id=&#34;questions-4&#34;&gt;Questions&lt;/h3&gt;

&lt;ul&gt;
&lt;li&gt;Why would you restore services before restoring the Elastic Runtime?&lt;/li&gt;
&lt;/ul&gt;

&lt;h2 id=&#34;restore-the-pivotal-elastic-runtime&#34;&gt;Restore the Pivotal Elastic Runtime&lt;/h2&gt;

&lt;p&gt;1) On the remote desktop, use a &lt;code&gt;PuTTY&lt;/code&gt; session to &lt;code&gt;ssh&lt;/code&gt; to the &lt;strong&gt;Ubuntu Jumpbox&lt;/strong&gt;.&lt;/p&gt;

&lt;p&gt;2) Change directories.&lt;/p&gt;

&lt;pre&gt;&lt;code&gt;$ cd ~/backups
&lt;/code&gt;&lt;/pre&gt;

&lt;p&gt;3) Restore the Elastic Runtime with &lt;code&gt;cfops&lt;/code&gt;.&lt;/p&gt;

&lt;pre&gt;&lt;code class=&#34;language-bash&#34;&gt;$ LOG_LEVEL=debug ./cfops restore --opsmanagerhost OPS-MAN-FQDN --adminuser OPS-MAN-ADMIN-USERNAME --adminpass OPS-MAN-ADMIN-PASSWORD --opsmanageruser OPS-MAN-USER --opsmanagerpass OPS-MAN-PASSWORD --opsmanagerpassphrase OPS-MAN-PASSPHRASE --tile TILE --destination DESTINATION-DIRECTORY
&lt;/code&gt;&lt;/pre&gt;

&lt;table&gt;
&lt;thead&gt;
&lt;tr&gt;
&lt;th align=&#34;left&#34;&gt;Variable&lt;/th&gt;
&lt;th align=&#34;left&#34;&gt;Value&lt;/th&gt;
&lt;/tr&gt;
&lt;/thead&gt;

&lt;tbody&gt;
&lt;tr&gt;
&lt;td align=&#34;left&#34;&gt;OPS-MAN-FQDN&lt;/td&gt;
&lt;td align=&#34;left&#34;&gt;opsmgr-[NN].haas-66.pez.pivotal.io&lt;/td&gt;
&lt;/tr&gt;

&lt;tr&gt;
&lt;td align=&#34;left&#34;&gt;OPS-MAN-ADMIN-USERNAME&lt;/td&gt;
&lt;td align=&#34;left&#34;&gt;(provided by your instructor)&lt;/td&gt;
&lt;/tr&gt;

&lt;tr&gt;
&lt;td align=&#34;left&#34;&gt;OPS-MAN-ADMIN-PASSWORD&lt;/td&gt;
&lt;td align=&#34;left&#34;&gt;(provided by your instructor)&lt;/td&gt;
&lt;/tr&gt;

&lt;tr&gt;
&lt;td align=&#34;left&#34;&gt;OPS-MAN-USER&lt;/td&gt;
&lt;td align=&#34;left&#34;&gt;ubuntu&lt;/td&gt;
&lt;/tr&gt;

&lt;tr&gt;
&lt;td align=&#34;left&#34;&gt;OPS-MAN-PASSWORD&lt;/td&gt;
&lt;td align=&#34;left&#34;&gt;(provided by your instructor)&lt;/td&gt;
&lt;/tr&gt;

&lt;tr&gt;
&lt;td align=&#34;left&#34;&gt;OPS-MAN-PASSPHRASE&lt;/td&gt;
&lt;td align=&#34;left&#34;&gt;(provided by your instructor)&lt;/td&gt;
&lt;/tr&gt;

&lt;tr&gt;
&lt;td align=&#34;left&#34;&gt;TILE&lt;/td&gt;
&lt;td align=&#34;left&#34;&gt;elastic-runtime&lt;/td&gt;
&lt;/tr&gt;

&lt;tr&gt;
&lt;td align=&#34;left&#34;&gt;DESTINATION-DIRECTORY&lt;/td&gt;
&lt;td align=&#34;left&#34;&gt;&lt;strong&gt;.&lt;/strong&gt;/&lt;/td&gt;
&lt;/tr&gt;
&lt;/tbody&gt;
&lt;/table&gt;

&lt;p&gt;The process should take about 20 minutes.&lt;/p&gt;

&lt;h3 id=&#34;questions-5&#34;&gt;Questions&lt;/h3&gt;

&lt;ul&gt;
&lt;li&gt;When you restored Ops Manager, you needed to &lt;code&gt;Apply Changes&lt;/code&gt; from the Ops Manager Installation Dashboard. Why is this action &lt;strong&gt;unnecessary&lt;/strong&gt; when restoring the Elastic Runtime?&lt;/li&gt;
&lt;/ul&gt;

&lt;h2 id=&#34;review-how-the-tiles-restore-affects-the-state-of-the-elastic-runtime&#34;&gt;Review how the Tiles Restore affects the state of the Elastic Runtime&lt;/h2&gt;

&lt;p&gt;1) Log in as &lt;code&gt;admin&lt;/code&gt; and explore the details about your environment.&lt;/p&gt;

&lt;p&gt;Use the commands below to explore your environment.&lt;/p&gt;

&lt;pre&gt;&lt;code&gt;$ cf orgs
$ cf spaces
$ cf org-users
$ cf space-users
$ cf apps
$ cf services
&lt;/code&gt;&lt;/pre&gt;

&lt;h3 id=&#34;questions-6&#34;&gt;Questions&lt;/h3&gt;

&lt;ul&gt;
&lt;li&gt;What orgs, users, spaces, and roles exist?&lt;/li&gt;
&lt;li&gt;What apps and services exist?&lt;/li&gt;
&lt;li&gt;What is different?  And why?&lt;/li&gt;
&lt;li&gt;Is the data recovered from the &lt;code&gt;articulate&lt;/code&gt; application (the attendee that was added)?&lt;/li&gt;
&lt;/ul&gt;

&lt;p&gt;&lt;strong&gt;Congratulations!&lt;/strong&gt; You restored Pivotal Cloud Foundry.&lt;/p&gt;
</description>
    </item>
    
    <item>
      <title>Restoring Pivotal Cloud Foundry Instructor Notes</title>
      <link>/pivotal-cloud-foundry-administrator/restoring-pivotal-cloud-foundry/notes/</link>
      <pubDate>Wed, 20 Jul 2016 09:18:50 -0500</pubDate>
      
      <guid>/pivotal-cloud-foundry-administrator/restoring-pivotal-cloud-foundry/notes/</guid>
      <description>

&lt;h1 id=&#34;what-students-should-know&#34;&gt;What students should know&lt;/h1&gt;

&lt;p&gt;Students should know how to restore Pivotal Cloud Foundry by using the &lt;code&gt;cfops&lt;/code&gt; tool.  They should also understand the components that have been restored, and the extent to which those components have been restored at different steps in the restoration process.&lt;/p&gt;

&lt;h1 id=&#34;questions&#34;&gt;Questions&lt;/h1&gt;

&lt;p&gt;After completing the lab recap, review the following questions as a class:&lt;/p&gt;

&lt;p&gt;&lt;strong&gt;Q:&lt;/strong&gt; &lt;em&gt;What orgs, users, spaces, and roles exist?&lt;/em&gt;&lt;br&gt;
&lt;strong&gt;A:&lt;/strong&gt; Orgs should be: &lt;code&gt;system&lt;/code&gt; and &lt;code&gt;YOUR-INITIALS-org&lt;/code&gt;.
Spaces should be: &lt;code&gt;system&lt;/code&gt;, &lt;code&gt;notifications-with-ui&lt;/code&gt; and &lt;code&gt;autoscaling&lt;/code&gt; (in &lt;code&gt;system&lt;/code&gt; org) and &lt;code&gt;dev&lt;/code&gt; and &lt;code&gt;staging&lt;/code&gt; (in &lt;code&gt;YOUR-INITIALS-org&lt;/code&gt;).&lt;/p&gt;

&lt;p&gt;In the &lt;code&gt;YOUR-INITIALS-org&lt;/code&gt;, org users are admin and john.q.manager@pivotal.io (both org managers). Space users include &lt;code&gt;john.q.developer@pivotal.io&lt;/code&gt; (a space developer in both &lt;code&gt;dev&lt;/code&gt; and &lt;code&gt;staging&lt;/code&gt;), &lt;code&gt;john.q.manager&lt;/code&gt;, a space manager and space developer in &lt;code&gt;staging&lt;/code&gt;, and &lt;code&gt;admin&lt;/code&gt;, a space manager and developer in &lt;code&gt;dev&lt;/code&gt;.&lt;/p&gt;

&lt;p&gt;&lt;strong&gt;Q:&lt;/strong&gt; &lt;em&gt;What apps and services exist?&lt;/em&gt;&lt;br&gt;
&lt;strong&gt;A:&lt;/strong&gt; In the dev space, apps should be &lt;code&gt;articulate&lt;/code&gt; and &lt;code&gt;attendee-service&lt;/code&gt;; services should be &lt;code&gt;attendee-service&lt;/code&gt; and &lt;code&gt;attendee-mysql&lt;/code&gt;.  There should be no apps in staging.&lt;/p&gt;

&lt;p&gt;&lt;strong&gt;Q:&lt;/strong&gt; &lt;em&gt;Why must bosh-state.json be renamed?&lt;/em&gt;&lt;br&gt;
&lt;strong&gt;A:&lt;/strong&gt; The MANIFEST-state.json file stores the current state of your deployment. Because it was based on your previous deployment, it indicates to Ops Manager that you already have a BOSH director. When you try to redeploy without renaming, your BOSH director won&amp;rsquo;t be re-created.&lt;/p&gt;

&lt;p&gt;When you rename the file, Ops Manager will no longer recognize it as an accurate portrait of the deployment state, it will recognize you don&amp;rsquo;t have a BOSH director, and it will recreate it.&lt;/p&gt;

&lt;p&gt;&lt;strong&gt;Q:&lt;/strong&gt; &lt;em&gt;Explore your installation dashboard and tiles. By restoring Ops Manager, what components of your Pivotal Cloud Foundry installation have you brought back?&lt;/em&gt;&lt;br&gt;
&lt;strong&gt;A:&lt;/strong&gt; By doing a restore, you&amp;rsquo;ve brought back your Ops Manager settings (including users), and all your tiles.&lt;/p&gt;

&lt;p&gt;&lt;strong&gt;Q:&lt;/strong&gt; &lt;em&gt;What orgs, users, spaces, and roles exist?&lt;/em&gt; &lt;br&gt;
&lt;strong&gt;A:&lt;/strong&gt;  The system org and the system, notifications-with-ui, and autoscaler spaces.  Also the admin user and the pushapps manager user.  The orgs you created are not there.&lt;/p&gt;

&lt;p&gt;&lt;strong&gt;Q:&lt;/strong&gt; &lt;em&gt;What apps and services exist?&lt;/em&gt; &lt;br&gt;
&lt;strong&gt;A:&lt;/strong&gt; Apps: app-usage-scheduler, app-usage-server, app-usage-worker, apps-manager-js, console, autoscale, notifications-ui.  No services. The app you created, along with the attendee service, is not there.&lt;/p&gt;

&lt;p&gt;&lt;strong&gt;Q:&lt;/strong&gt; &lt;em&gt;What is different? And why?&lt;/em&gt; &lt;br&gt;
&lt;strong&gt;A:&lt;/strong&gt; The orgs, spaces, roles, and users that we set up in the previous lab aren&amp;rsquo;t present.  This is because the cloud controller database and the blobstore (the nfs_server) have not been restored.&lt;/p&gt;

&lt;p&gt;&lt;strong&gt;Q:&lt;/strong&gt; &lt;em&gt;When you restored Ops Manager, you needed to Apply Changes from the Ops Manager Installation Dashboard. Why is this action unnecessary when restoring the Elastic Runtime?&lt;/em&gt; &lt;br&gt;
&lt;strong&gt;A:&lt;/strong&gt;  When we backed up the Elastic runtime, we backed up data from databases on our Elastic Runtime VMs.  Those VMs were recreated when we hit &lt;code&gt;apply changes&lt;/code&gt; during our Ops Manager restore. Restoring the Elastic Runtime involves uploading our backed up data to databases on those recreated VMs.  We don&amp;rsquo;t need to do anything to the VMs themselves.&lt;/p&gt;

&lt;p&gt;&lt;strong&gt;Q:&lt;/strong&gt; &lt;em&gt;What orgs, users, spaces, and roles exist?&lt;/em&gt; &lt;br&gt;
&lt;strong&gt;A:&lt;/strong&gt; All the orgs, users, spaces, and roles from the original install have been restored.&lt;/p&gt;

&lt;p&gt;&lt;strong&gt;Q:&lt;/strong&gt; &lt;em&gt;What apps and services exist?&lt;/em&gt; &lt;br&gt;
&lt;strong&gt;A:&lt;/strong&gt; The apps and services have also been restored; we have the articulate app and the attendee-service app.  We also have the mysql service and the attendee service.&lt;/p&gt;

&lt;p&gt;&lt;strong&gt;Q:&lt;/strong&gt; &lt;em&gt;What is different about your deployment? And why?&lt;/em&gt; &lt;br&gt;
&lt;strong&gt;A:&lt;/strong&gt; For people visiting your applications and for developers, there should be no difference in the deployment. On the IaaS side, though, all the VMs have been recreated (all will have different GUIDs).&lt;/p&gt;

&lt;p&gt;&lt;strong&gt;Q:&lt;/strong&gt; &lt;em&gt;Is the data recovered from the articuate application (the attendee that was added)?&lt;/em&gt; &lt;br&gt;
&lt;strong&gt;A:&lt;/strong&gt; Yes!&lt;/p&gt;

&lt;h1 id=&#34;troubleshooting&#34;&gt;Troubleshooting&lt;/h1&gt;

&lt;p&gt;Troubleshooting guidance for the lab that instructors need to know.&lt;/p&gt;

&lt;h1 id=&#34;feedback&#34;&gt;Feedback&lt;/h1&gt;

&lt;p&gt;Please keep track of all types of feedback, so that we can make this module great.  That includes questions that students may ask that we should be answering up front, lab corrections/improvements, etc.&lt;/p&gt;

&lt;p&gt;Submit feedback to: &lt;a href=&#34;mailto:pcf-administrator-instructor-feedback@pivotal.io&#34;&gt;pcf-administrator-instructor-feedback@pivotal.io&lt;/a&gt;&lt;/p&gt;
</description>
    </item>
    
  </channel>
</rss>