<?xml version="1.0" encoding="utf-8" standalone="yes" ?>
<rss version="2.0" xmlns:atom="http://www.w3.org/2005/Atom">
  <channel>
    <title>Quotas on Pivotal Cloud Foundry Administrator</title>
    <link>/pivotal-cloud-foundry-administrator/quotas/</link>
    <description>Recent content in Quotas on Pivotal Cloud Foundry Administrator</description>
    <generator>Hugo -- gohugo.io</generator>
    <language>en-us</language>
    <copyright>© Copyright Pivotal. All rights reserved.</copyright>
    <lastBuildDate>Wed, 20 Jul 2016 17:20:01 -0500</lastBuildDate>
    <atom:link href="/pivotal-cloud-foundry-administrator/quotas/index.xml" rel="self" type="application/rss+xml" />
    
    <item>
      <title>Quotas</title>
      <link>/pivotal-cloud-foundry-administrator/quotas/</link>
      <pubDate>Wed, 20 Jul 2016 17:20:01 -0500</pubDate>
      
      <guid>/pivotal-cloud-foundry-administrator/quotas/</guid>
      <description>

&lt;p&gt;Estimated time: 25 minutes&lt;/p&gt;

&lt;h1 id=&#34;requirements&#34;&gt;Requirements&lt;/h1&gt;

&lt;p&gt;&lt;a href=&#34;../requirements&#34;&gt;Lab Requirements&lt;/a&gt;&lt;/p&gt;

&lt;h1 id=&#34;what-you-will-learn&#34;&gt;What you will learn&lt;/h1&gt;

&lt;ul&gt;
&lt;li&gt;How to control usage in your Pivotal Cloud Foundry orgs and spaces using quotas&lt;/li&gt;
&lt;/ul&gt;

&lt;h1 id=&#34;exercises&#34;&gt;Exercises&lt;/h1&gt;

&lt;h2 id=&#34;explore-existing-quotas&#34;&gt;Explore Existing Quotas&lt;/h2&gt;

&lt;p&gt;1) Review &lt;a target=&#34;_blank&#34; href=&#34;http://docs.pivotal.io/pivotalcf/adminguide/quota-plans.html&#34;&gt;Creating and Modifying Quota Plans&lt;/a&gt;.&lt;/p&gt;

&lt;p&gt;2) View available quota plans.&lt;/p&gt;

&lt;pre&gt;&lt;code&gt;$ cf quotas
&lt;/code&gt;&lt;/pre&gt;

&lt;p&gt;3) View the assigned quotas for the org.&lt;/p&gt;

&lt;p&gt;For example:&lt;/p&gt;

&lt;pre&gt;&lt;code&gt;$ cf org dnr-org
&lt;/code&gt;&lt;/pre&gt;

&lt;h2 id=&#34;create-and-set-an-org-quota&#34;&gt;Create and Set an Org Quota&lt;/h2&gt;

&lt;p&gt;1) Create a new quota for your organization.&lt;/p&gt;

&lt;p&gt;Create a quota with the following:&lt;/p&gt;

&lt;table&gt;
&lt;thead&gt;
&lt;tr&gt;
&lt;th align=&#34;left&#34;&gt;Field&lt;/th&gt;
&lt;th align=&#34;left&#34;&gt;Value&lt;/th&gt;
&lt;/tr&gt;
&lt;/thead&gt;

&lt;tbody&gt;
&lt;tr&gt;
&lt;td align=&#34;left&#34;&gt;Quota Name&lt;/td&gt;
&lt;td align=&#34;left&#34;&gt;(initials)-quota&lt;/td&gt;
&lt;/tr&gt;

&lt;tr&gt;
&lt;td align=&#34;left&#34;&gt;Total Memory&lt;/td&gt;
&lt;td align=&#34;left&#34;&gt;2G&lt;/td&gt;
&lt;/tr&gt;

&lt;tr&gt;
&lt;td align=&#34;left&#34;&gt;Instance Memory&lt;/td&gt;
&lt;td align=&#34;left&#34;&gt;2G&lt;/td&gt;
&lt;/tr&gt;

&lt;tr&gt;
&lt;td align=&#34;left&#34;&gt;Routes&lt;/td&gt;
&lt;td align=&#34;left&#34;&gt;2&lt;/td&gt;
&lt;/tr&gt;

&lt;tr&gt;
&lt;td align=&#34;left&#34;&gt;Service Instances&lt;/td&gt;
&lt;td align=&#34;left&#34;&gt;2&lt;/td&gt;
&lt;/tr&gt;

&lt;tr&gt;
&lt;td align=&#34;left&#34;&gt;App Instances&lt;/td&gt;
&lt;td align=&#34;left&#34;&gt;unlimited&lt;/td&gt;
&lt;/tr&gt;

&lt;tr&gt;
&lt;td align=&#34;left&#34;&gt;Allow Paid Service Plans&lt;/td&gt;
&lt;td align=&#34;left&#34;&gt;true&lt;/td&gt;
&lt;/tr&gt;
&lt;/tbody&gt;
&lt;/table&gt;

&lt;p&gt;For example:&lt;/p&gt;

&lt;pre&gt;&lt;code&gt;$ cf create-quota dnr-quota -m 2G -i 2G -r 2 -s 2 --allow-paid-service-plans
&lt;/code&gt;&lt;/pre&gt;

&lt;p&gt;2) Assign the quota.&lt;/p&gt;

&lt;p&gt;For example:&lt;/p&gt;

&lt;pre&gt;&lt;code&gt;$ cf set-quota dnr-org dnr-quota
&lt;/code&gt;&lt;/pre&gt;

&lt;p&gt;3) Confirm the quota assignment.&lt;/p&gt;

&lt;p&gt;For example:&lt;/p&gt;

&lt;pre&gt;&lt;code&gt;$ cf org dnr-org
&lt;/code&gt;&lt;/pre&gt;

&lt;h2 id=&#34;create-a-new-space&#34;&gt;Create a New Space&lt;/h2&gt;

&lt;p&gt;1) Log in as the &lt;code&gt;OrgManager&lt;/code&gt; user (john.q.manager@pivotal.io) created in the &lt;a href=&#34;../orgs-spaces-roles&#34;&gt;previous lab&lt;/a&gt;.&lt;/p&gt;

&lt;pre&gt;&lt;code&gt;$ cf login
&lt;/code&gt;&lt;/pre&gt;

&lt;p&gt;2) Create a staging space.&lt;/p&gt;

&lt;pre&gt;&lt;code&gt;$ cf create-space staging
&lt;/code&gt;&lt;/pre&gt;

&lt;p&gt;3) Give your &lt;code&gt;SpaceDeveloper&lt;/code&gt; (john.q.developer@pivotal.io) access to the &lt;code&gt;staging&lt;/code&gt; space.&lt;/p&gt;

&lt;p&gt;For example:&lt;/p&gt;

&lt;pre&gt;&lt;code&gt;$ cf set-space-role john.q.developer@pivotal.io dnr-org staging SpaceDeveloper
&lt;/code&gt;&lt;/pre&gt;

&lt;h2 id=&#34;simulate-developer-usage&#34;&gt;Simulate Developer Usage&lt;/h2&gt;

&lt;p&gt;1) Log in as the &lt;code&gt;SpaceDeveloper&lt;/code&gt; (john.q.developer@pivotal.io) you created in the &lt;a href=&#34;../orgs-spaces-roles&#34;&gt;previous lab&lt;/a&gt;.  Target the &lt;code&gt;dev&lt;/code&gt; space.&lt;/p&gt;

&lt;pre&gt;&lt;code&gt;$ cf login
&lt;/code&gt;&lt;/pre&gt;

&lt;p&gt;2) Simulate excessive usage by a developer.&lt;/p&gt;

&lt;p&gt;Create multiple service instances of the &lt;code&gt;app-autoscaler&lt;/code&gt;.&lt;/p&gt;

&lt;pre&gt;&lt;code&gt;$ cf create-service app-autoscaler bronze a1
$ cf create-service app-autoscaler bronze a2
$ cf create-service app-autoscaler bronze a3
&lt;/code&gt;&lt;/pre&gt;

&lt;p&gt;3) Target the &lt;code&gt;staging&lt;/code&gt; space.&lt;/p&gt;

&lt;pre&gt;&lt;code&gt;$ cf target -s staging
&lt;/code&gt;&lt;/pre&gt;

&lt;p&gt;4) Create an &lt;code&gt;app-autoscaler&lt;/code&gt; instance for the &lt;code&gt;staging&lt;/code&gt; space.&lt;/p&gt;

&lt;pre&gt;&lt;code&gt;$ cf create-service app-autoscaler bronze a1
&lt;/code&gt;&lt;/pre&gt;

&lt;h3 id=&#34;questions&#34;&gt;Questions&lt;/h3&gt;

&lt;ul&gt;
&lt;li&gt;When targeting the &lt;code&gt;dev&lt;/code&gt; space, creating the third service instance (&lt;code&gt;a3&lt;/code&gt;) should have failed.  Why?&lt;/li&gt;
&lt;li&gt;When targeting the &lt;code&gt;staging&lt;/code&gt; space, creating the first service instance(&lt;code&gt;a1&lt;/code&gt;) should have failed.  Why?&lt;/li&gt;
&lt;li&gt;When an &lt;code&gt;org&lt;/code&gt; contains multiple &lt;code&gt;spaces&lt;/code&gt; how can one prohibit a single space from using all the quota?&lt;/li&gt;
&lt;/ul&gt;

&lt;h2 id=&#34;be-a-good-citizen&#34;&gt;Be a Good Citizen&lt;/h2&gt;

&lt;p&gt;1) Target the &lt;code&gt;dev&lt;/code&gt; space.&lt;/p&gt;

&lt;pre&gt;&lt;code&gt;$ cf target -s dev
&lt;/code&gt;&lt;/pre&gt;

&lt;p&gt;2) Delete the second &lt;code&gt;app-autoscaler&lt;/code&gt; instance.&lt;/p&gt;

&lt;pre&gt;&lt;code&gt;$ cf delete-service a2
&lt;/code&gt;&lt;/pre&gt;

&lt;h2 id=&#34;create-and-set-a-space-quota&#34;&gt;Create and Set a Space Quota&lt;/h2&gt;

&lt;p&gt;1) Log in as the &lt;code&gt;OrgManager&lt;/code&gt; user (john.q.manager@pivotal.io) created in the &lt;a href=&#34;../orgs-spaces-roles&#34;&gt;previous lab&lt;/a&gt;.  Target the &lt;code&gt;dev&lt;/code&gt; space.&lt;/p&gt;

&lt;pre&gt;&lt;code&gt;$ cf login
&lt;/code&gt;&lt;/pre&gt;

&lt;p&gt;2) Create a space quota.&lt;/p&gt;

&lt;p&gt;Create a space quota with the following:&lt;/p&gt;

&lt;table&gt;
&lt;thead&gt;
&lt;tr&gt;
&lt;th align=&#34;left&#34;&gt;Field&lt;/th&gt;
&lt;th align=&#34;left&#34;&gt;Value&lt;/th&gt;
&lt;/tr&gt;
&lt;/thead&gt;

&lt;tbody&gt;
&lt;tr&gt;
&lt;td align=&#34;left&#34;&gt;Quota Name&lt;/td&gt;
&lt;td align=&#34;left&#34;&gt;(initials)-space-quota&lt;/td&gt;
&lt;/tr&gt;

&lt;tr&gt;
&lt;td align=&#34;left&#34;&gt;Total Memory&lt;/td&gt;
&lt;td align=&#34;left&#34;&gt;1G&lt;/td&gt;
&lt;/tr&gt;

&lt;tr&gt;
&lt;td align=&#34;left&#34;&gt;Instance Memory&lt;/td&gt;
&lt;td align=&#34;left&#34;&gt;1G&lt;/td&gt;
&lt;/tr&gt;

&lt;tr&gt;
&lt;td align=&#34;left&#34;&gt;Routes&lt;/td&gt;
&lt;td align=&#34;left&#34;&gt;1&lt;/td&gt;
&lt;/tr&gt;

&lt;tr&gt;
&lt;td align=&#34;left&#34;&gt;Service Instances&lt;/td&gt;
&lt;td align=&#34;left&#34;&gt;1&lt;/td&gt;
&lt;/tr&gt;

&lt;tr&gt;
&lt;td align=&#34;left&#34;&gt;App Instances&lt;/td&gt;
&lt;td align=&#34;left&#34;&gt;unlimited&lt;/td&gt;
&lt;/tr&gt;

&lt;tr&gt;
&lt;td align=&#34;left&#34;&gt;Allow Paid Service Plans&lt;/td&gt;
&lt;td align=&#34;left&#34;&gt;true&lt;/td&gt;
&lt;/tr&gt;
&lt;/tbody&gt;
&lt;/table&gt;

&lt;p&gt;For example:&lt;/p&gt;

&lt;pre&gt;&lt;code&gt;$ cf create-space-quota dnr-space-quota -m 1G -i 1G -r 1 -s 1 --allow-paid-service-plans
&lt;/code&gt;&lt;/pre&gt;

&lt;p&gt;3) Assign the space quota to your spaces.&lt;/p&gt;

&lt;p&gt;For Example:&lt;/p&gt;

&lt;pre&gt;&lt;code&gt;$ cf set-space-quota dev dnr-space-quota
$ cf set-space-quota staging dnr-space-quota
&lt;/code&gt;&lt;/pre&gt;

&lt;p&gt;4) Confirm the quotas are set up accordingly.&lt;/p&gt;

&lt;p&gt;For Example:&lt;/p&gt;

&lt;pre&gt;&lt;code&gt;$ cf org dnr-org
$ cf space dev
$ cf space staging
&lt;/code&gt;&lt;/pre&gt;

&lt;h2 id=&#34;simulate-developer-usage-1&#34;&gt;Simulate Developer Usage&lt;/h2&gt;

&lt;p&gt;1) Log in as the &lt;code&gt;SpaceDeveloper&lt;/code&gt; (john.q.developer@pivotal.io) you created in the &lt;a href=&#34;../orgs-spaces-roles&#34;&gt;previous lab&lt;/a&gt;.  Target the &lt;code&gt;dev&lt;/code&gt; space.&lt;/p&gt;

&lt;pre&gt;&lt;code&gt;$ cf login
&lt;/code&gt;&lt;/pre&gt;

&lt;p&gt;2) Simulate excessive usage by a developer again.&lt;/p&gt;

&lt;p&gt;Create a second service instance of the &lt;code&gt;app-autoscaler&lt;/code&gt;.&lt;/p&gt;

&lt;pre&gt;&lt;code&gt;$ cf create-service app-autoscaler bronze a2
&lt;/code&gt;&lt;/pre&gt;

&lt;p&gt;&lt;strong&gt;&lt;em&gt;What happened?&lt;/em&gt;&lt;/strong&gt;&lt;/p&gt;

&lt;p&gt;The second service instance was not created because the space quota limit is now one service instance. This protects the &lt;code&gt;org&lt;/code&gt; from being overrun by any single space.&lt;/p&gt;

&lt;p&gt;3) Target &lt;code&gt;staging&lt;/code&gt;.&lt;/p&gt;

&lt;pre&gt;&lt;code&gt;$ cf target -s staging
&lt;/code&gt;&lt;/pre&gt;

&lt;p&gt;4) Create an &lt;code&gt;app-autoscaler&lt;/code&gt; service instance in the &lt;code&gt;staging&lt;/code&gt; space.&lt;/p&gt;

&lt;pre&gt;&lt;code&gt;$ cf create-service app-autoscaler bronze a1
&lt;/code&gt;&lt;/pre&gt;

&lt;h3 id=&#34;questions-1&#34;&gt;Questions&lt;/h3&gt;

&lt;ul&gt;
&lt;li&gt;What would happen if you were to change your space quota to allow ten service instances?&lt;/li&gt;
&lt;li&gt;What command would you use to update the &lt;code&gt;default&lt;/code&gt; quota?&lt;/li&gt;
&lt;/ul&gt;

&lt;h2 id=&#34;cleanup&#34;&gt;Cleanup&lt;/h2&gt;

&lt;p&gt;1) Delete the &lt;code&gt;app-autoscaler&lt;/code&gt; service instance.&lt;/p&gt;

&lt;pre&gt;&lt;code&gt;$ cf delete-service a1
&lt;/code&gt;&lt;/pre&gt;

&lt;p&gt;2) Target the &lt;code&gt;dev&lt;/code&gt; space.&lt;/p&gt;

&lt;pre&gt;&lt;code&gt;$ cf target -s dev
&lt;/code&gt;&lt;/pre&gt;

&lt;p&gt;3) Delete the &lt;code&gt;app-autoscaler&lt;/code&gt; service instance.&lt;/p&gt;

&lt;pre&gt;&lt;code&gt;$ cf delete-service a1
&lt;/code&gt;&lt;/pre&gt;

&lt;p&gt;4) Login as &lt;code&gt;admin&lt;/code&gt;.&lt;/p&gt;

&lt;pre&gt;&lt;code&gt;$ cf login
&lt;/code&gt;&lt;/pre&gt;

&lt;p&gt;5) Reset your org quota to match the &lt;code&gt;default&lt;/code&gt; quota.  For example:&lt;/p&gt;

&lt;pre&gt;&lt;code&gt;$ cf update-quota dnr-quota -m 10G -i -1 -r 1000 -s 100
&lt;/code&gt;&lt;/pre&gt;

&lt;p&gt;6) Check that the org quota has been updated by running the &lt;code&gt;cf org&lt;/code&gt; command.&lt;/p&gt;

&lt;pre&gt;&lt;code&gt;$ cf org dnr-org
&lt;/code&gt;&lt;/pre&gt;

&lt;p&gt;6) Update the &lt;code&gt;YOUR-INITIALS-space-quota&lt;/code&gt; so its memory, route, and service limits are set to half of those allowed in &lt;code&gt;YOUR-INITIALS-quota&lt;/code&gt;. For example:&lt;/p&gt;

&lt;pre&gt;&lt;code&gt;$ cf update-space-quota dnr-space-quota -m 5G -i -1 -r 500 -s 50
&lt;/code&gt;&lt;/pre&gt;

&lt;p&gt;7) Ensure that the space quotas have been updated by running the &lt;code&gt;cf space&lt;/code&gt; command.&lt;/p&gt;

&lt;pre&gt;&lt;code&gt;$ cf space dev
&lt;/code&gt;&lt;/pre&gt;

&lt;pre&gt;&lt;code&gt;$ cf space staging
&lt;/code&gt;&lt;/pre&gt;

&lt;p&gt;&lt;strong&gt;Congratulations!&lt;/strong&gt; You&amp;rsquo;ve completed the quotas lab.&lt;/p&gt;
</description>
    </item>
    
    <item>
      <title>Quotas Instructor Notes</title>
      <link>/pivotal-cloud-foundry-administrator/quotas/notes/</link>
      <pubDate>Wed, 20 Jul 2016 09:18:50 -0500</pubDate>
      
      <guid>/pivotal-cloud-foundry-administrator/quotas/notes/</guid>
      <description>

&lt;h1 id=&#34;what-students-should-know&#34;&gt;What students should know&lt;/h1&gt;

&lt;p&gt;Students should know how to use the Cloud Foundry CLI to create and update org and space quotas and to assign them.&lt;/p&gt;

&lt;h1 id=&#34;questions&#34;&gt;Questions&lt;/h1&gt;

&lt;p&gt;After completing the lab recap, review the following questions as a class:&lt;/p&gt;

&lt;h2 id=&#34;general-discussion-questions&#34;&gt;General Discussion Questions&lt;/h2&gt;

&lt;h2 id=&#34;questions-from-the-lab&#34;&gt;Questions From the Lab&lt;/h2&gt;

&lt;p&gt;&lt;strong&gt;Q:&lt;/strong&gt; When targeting the &lt;code&gt;dev&lt;/code&gt; space, creating the third service instance (&lt;code&gt;a3&lt;/code&gt;) should have failed.  Why? &lt;br&gt;
&lt;strong&gt;A:&lt;/strong&gt; The org quota you have created allows only 2 service instances.  a3 would be the third service instance.&lt;/p&gt;

&lt;p&gt;&lt;strong&gt;Q:&lt;/strong&gt; When targeting the &lt;code&gt;staging&lt;/code&gt; space, creating the first service instance(&lt;code&gt;a1&lt;/code&gt;) should have failed.  Why? &lt;br&gt;
&lt;strong&gt;A:&lt;/strong&gt; The org quota you have created allows only 2 service instances.  Both of those are in use in the &lt;code&gt;dev&lt;/code&gt; space.  Because you are operating under an org quota, you cannot add another service, even though it&amp;rsquo;s in a different space.&lt;/p&gt;

&lt;p&gt;&lt;strong&gt;Q:&lt;/strong&gt; When an &lt;code&gt;org&lt;/code&gt; contains multiple &lt;code&gt;spaces&lt;/code&gt; how can one prohibit a single space from using all the quota? &lt;br&gt;
&lt;strong&gt;A:&lt;/strong&gt; You can set quotas in spaces to prohibit them from taking up the entire org quota.&lt;/p&gt;

&lt;p&gt;&lt;strong&gt;Q:&lt;/strong&gt; What would happen if you were to change your space quota to allow ten service instances? &lt;br&gt;
&lt;strong&gt;A:&lt;/strong&gt; You would be allowed to set your space quota to allow for that many service instances, but you could not add 10 services unless you had updated the org-quota to allow 10 or more service instances.&lt;/p&gt;

&lt;p&gt;&lt;strong&gt;Q:&lt;/strong&gt; What command would you use to update the &lt;code&gt;default&lt;/code&gt; quota?&lt;br&gt;
&lt;strong&gt;A:&lt;/strong&gt; &lt;code&gt;cf update-quota default [-m TOTAL_MEMORY] [-i INSTANCE_MEMORY] [-n NEW_NAME] [-r ROUTES] [-s SERVICE_INSTANCES] [-a APP_INSTANCES] [--allow-paid-service-plans | --disallow-paid-service-plans] [--reserved-route-ports RESERVED_ROUTE_PORTS]&lt;/code&gt;&lt;/p&gt;

&lt;h1 id=&#34;troubleshooting&#34;&gt;Troubleshooting&lt;/h1&gt;

&lt;p&gt;Troubleshooting guidance for the lab that instructors need to know.&lt;/p&gt;

&lt;h1 id=&#34;feedback&#34;&gt;Feedback&lt;/h1&gt;

&lt;p&gt;Please keep track of all types of feedback, so that we can make this module great.  That includes questions that students may ask that we should be answering up front, lab corrections/improvements, etc.&lt;/p&gt;

&lt;p&gt;Submit feedback to: &lt;a href=&#34;mailto:pcf-administrator-instructor-feedback@pivotal.io&#34;&gt;pcf-administrator-instructor-feedback@pivotal.io&lt;/a&gt;&lt;/p&gt;
</description>
    </item>
    
  </channel>
</rss>