<?xml version="1.0" encoding="utf-8" standalone="yes" ?>
<rss version="2.0" xmlns:atom="http://www.w3.org/2005/Atom">
  <channel>
    <title>Cf-push-to-the-clouds on Pivotal Cloud Foundry Administrator</title>
    <link>/pivotal-cloud-foundry-administrator/cf-push-to-the-cloud/</link>
    <description>Recent content in Cf-push-to-the-clouds on Pivotal Cloud Foundry Administrator</description>
    <generator>Hugo -- gohugo.io</generator>
    <language>en-us</language>
    <copyright>© Copyright Pivotal. All rights reserved.</copyright>
    <lastBuildDate>Mon, 07 Mar 2016 15:49:50 -0600</lastBuildDate>
    <atom:link href="/pivotal-cloud-foundry-administrator/cf-push-to-the-cloud/index.xml" rel="self" type="application/rss+xml" />
    
    <item>
      <title>Instructor Notes</title>
      <link>/pivotal-cloud-foundry-administrator/cf-push-to-the-cloud/notes/</link>
      <pubDate>Mon, 07 Mar 2016 15:49:50 -0600</pubDate>
      
      <guid>/pivotal-cloud-foundry-administrator/cf-push-to-the-cloud/notes/</guid>
      <description>

&lt;h1 id=&#34;context&#34;&gt;Context&lt;/h1&gt;

&lt;p&gt;Because this lab occurs significantly after the Introduction to Pivotal Cloud Foundry, it would be valuable to clarify the following context before students start the lab:&lt;/p&gt;

&lt;p&gt;Now that you have installed and configured Pivotal Cloud Foundry, developers can take advantage of its powerful features.  In this lab, you&amp;rsquo;ll see just how easy Pivotal Cloud Foundry makes the deployment and management of applications.&lt;/p&gt;

&lt;h1 id=&#34;what-students-should-know&#34;&gt;What students should know&lt;/h1&gt;

&lt;p&gt;This lab is meant primarily to give Administrator students insight into the system that they&amp;rsquo;ve just installed and the benefits that it offers their developers: instead of filing tickets and waiting for deployment, developers can &lt;code&gt;cf push&lt;/code&gt; an app directly to the cloud.  What&amp;rsquo;s more, the &lt;code&gt;cf push&lt;/code&gt; capability is language agnostic &amp;ndash; neither developrs nor administrators have to do anything to make programs in different languages run.&lt;/p&gt;

&lt;p&gt;On completion of the lab, students should have an appreciation for the power of CF push.&lt;/p&gt;

&lt;h1 id=&#34;questions&#34;&gt;Questions&lt;/h1&gt;

&lt;p&gt;After completing the lab recap as a class the following questions:&lt;/p&gt;

&lt;h2 id=&#34;general-discussion-questions&#34;&gt;General Discussion Questions&lt;/h2&gt;

&lt;p&gt;&lt;strong&gt;Q:&lt;/strong&gt;  &lt;em&gt;What did you just do?&lt;/em&gt;&lt;br&gt;
&lt;strong&gt;A:&lt;/strong&gt; Deployed 4 apps.&lt;/p&gt;

&lt;p&gt;&lt;strong&gt;Q:&lt;/strong&gt; &lt;em&gt;What does push mean?&lt;/em&gt;&lt;br&gt;
&lt;strong&gt;A:&lt;/strong&gt; Deploy an app.&lt;/p&gt;

&lt;p&gt;&lt;strong&gt;Q:&lt;/strong&gt; &lt;em&gt;What was the same?&lt;/em&gt;&lt;br&gt;
&lt;strong&gt;A:&lt;/strong&gt; The command.  Regardless of language you ended up with a running app.&lt;/p&gt;

&lt;p&gt;&lt;strong&gt;Q:&lt;/strong&gt; &lt;em&gt;What was different?&lt;/em&gt;&lt;br&gt;
&lt;strong&gt;A:&lt;/strong&gt; URI, language, the buildpack&lt;/p&gt;

&lt;p&gt;&lt;strong&gt;Q:&lt;/strong&gt; &lt;em&gt;Is this easier than what you normally do?&lt;/em&gt;&lt;/p&gt;

&lt;p&gt;&lt;strong&gt;Q:&lt;/strong&gt; &lt;em&gt;How long does this take you now?&lt;/em&gt;&lt;/p&gt;

&lt;h2 id=&#34;questions-from-the-lab&#34;&gt;Questions From the Lab&lt;/h2&gt;

&lt;p&gt;&lt;strong&gt;Q:&lt;/strong&gt; &lt;em&gt;What are some common items in the output that occurred when pushing each application?&lt;/em&gt;&lt;br&gt;
&lt;strong&gt;A:&lt;/strong&gt; loading buildpacks, creating containers, creating routes, etc.  The goal here is to start learning the vocabulary, but also generate excitement about how easy PCF makes things.&lt;/p&gt;

&lt;h1 id=&#34;troubleshooting&#34;&gt;Troubleshooting&lt;/h1&gt;

&lt;p&gt;Troubleshooting guidance for the lab that instructors need to know.&lt;/p&gt;

&lt;p&gt;In the initial release of PCF 1.7 the Apps Manager shipped with the wrong/old version of the &lt;code&gt;cf&lt;/code&gt; CLI (6.13).  At least version 6.16 is needed to do these labs (Service Broker and Route Service).  The latest stable &lt;code&gt;cf&lt;/code&gt; CLI can be downloaded from &lt;a href=&#34;https://github.com/cloudfoundry/cli#downloads&#34;&gt;https://github.com/cloudfoundry/cli#downloads&lt;/a&gt;.  Students will need to download from this location rather than the Apps Manager.&lt;/p&gt;

&lt;h1 id=&#34;feedback&#34;&gt;Feedback&lt;/h1&gt;

&lt;p&gt;Please keep track of all types of feedback, so that we can make this module great.  That includes questions that students may ask that we should be answering up front, lab corrections/improvements, etc.&lt;/p&gt;

&lt;p&gt;Submit feedback to: &lt;a href=&#34;mailto:pcf-administrator-instructor-feedback@pivotal.io&#34;&gt;pcf-administrator-instructor-feedback@pivotal.io&lt;/a&gt;&lt;/p&gt;
</description>
    </item>
    
    <item>
      <title>Push to the Cloud</title>
      <link>/pivotal-cloud-foundry-administrator/cf-push-to-the-cloud/</link>
      <pubDate>Fri, 04 Mar 2016 09:51:10 -0600</pubDate>
      
      <guid>/pivotal-cloud-foundry-administrator/cf-push-to-the-cloud/</guid>
      <description>

&lt;p&gt;Estimated Time: 25 minutes&lt;/p&gt;

&lt;p&gt;Environment:  Instructor Environment&lt;/p&gt;

&lt;h1 id=&#34;requirements&#34;&gt;Requirements&lt;/h1&gt;

&lt;p&gt;&lt;a href=&#34;../requirements&#34;&gt;Lab Requirements&lt;/a&gt;&lt;/p&gt;

&lt;h1 id=&#34;what-you-will-learn&#34;&gt;What you will learn&lt;/h1&gt;

&lt;ul&gt;
&lt;li&gt;How to &lt;code&gt;cf push&lt;/code&gt; apps&lt;/li&gt;
&lt;/ul&gt;

&lt;h1 id=&#34;exercises&#34;&gt;Exercises&lt;/h1&gt;

&lt;p&gt;In this lab, we will push (deploy) several applications to your instructor provided Pivotal Cloud Foundry instance.&lt;/p&gt;

&lt;p&gt;Note that your instructor will provide you with environment specific credentials [NN] and [PASSWORD] for this and the following labs in this section.&lt;/p&gt;

&lt;p&gt;You will use different credentials when you start working with your own installation of Pivotal Cloud Foundry.&lt;/p&gt;

&lt;h2 id=&#34;install-and-explore-the-cf-cli&#34;&gt;Install and explore the CF CLI&lt;/h2&gt;

&lt;p&gt;If you are using an HTTP proxy server on your laptop, you must set the https_proxy server environment variable in order to use the CF CLI. Follow the instructions outlined in the documentation &lt;a target=&#34;_blank&#34; href=&#34;https://docs.pivotal.io/pivotalcf/1-8/cf-cli/http-proxy.html&#34;&gt;here &lt;/a&gt;.&lt;/p&gt;

&lt;p&gt;The CF CLI allows you to interact with a Cloud Foundry installation from the commandline. You can use it to push apps, provision services, scale an application, and more.&lt;/p&gt;

&lt;p&gt;1) Download and install the CF CLI.  If you are using a Mac Terminal, run&lt;/p&gt;

&lt;pre&gt;&lt;code&gt;$ brew install cf-cli
&lt;/code&gt;&lt;/pre&gt;

&lt;p&gt;If you are using a different OS, navigate to &lt;a href=&#34;https://github.com/cloudfoundry/cli&#34;&gt;https://github.com/cloudfoundry/cli&lt;/a&gt; and download the appropriate installer.&lt;/p&gt;

&lt;p&gt;2) Target the instructor provided PCF installation by replacing [NN] in the following command with the value your instructor has supplied.&lt;/p&gt;

&lt;pre&gt;&lt;code&gt;$ cf login -a api.run-[NN].haas-66.pez.pivotal.io --skip_ssl_validation
&lt;/code&gt;&lt;/pre&gt;

&lt;p&gt;3) Login using your email and the password provided by your instructor.&lt;/p&gt;

&lt;p&gt;4) Review &lt;a target=&#34;_blank&#34; href=&#34;http://docs.pivotal.io/pivotalcf/cf-cli/getting-started.html&#34;&gt;Getting Started with the cf CLI&lt;/a&gt;.&lt;/p&gt;

&lt;p&gt;5) Open a terminal window. Explore &lt;code&gt;cf&lt;/code&gt;.&lt;/p&gt;

&lt;pre&gt;&lt;code&gt;$ cf
&lt;/code&gt;&lt;/pre&gt;

&lt;p&gt;To view all available &lt;code&gt;cf&lt;/code&gt; commands, use&lt;/p&gt;

&lt;pre&gt;&lt;code&gt;$ cf help -a

&lt;/code&gt;&lt;/pre&gt;

&lt;p&gt;Output can be fitered by piping the  output to &lt;code&gt;grep&lt;/code&gt; or &lt;code&gt;findstr&lt;/code&gt;.&lt;/p&gt;

&lt;p&gt;For instance, to view all of the &amp;ldquo;org&amp;rdquo; commands do the following:&lt;/p&gt;

&lt;p&gt;&lt;strong&gt;Linux and Mac:&lt;/strong&gt;&lt;/p&gt;

&lt;pre&gt;&lt;code&gt;$ cf help -a | grep org
&lt;/code&gt;&lt;/pre&gt;

&lt;p&gt;&lt;strong&gt;Windows:&lt;/strong&gt;&lt;/p&gt;

&lt;pre&gt;&lt;code&gt;$ cf | findstr org
&lt;/code&gt;&lt;/pre&gt;

&lt;p&gt;Help for a command can be obtained by appending &lt;code&gt;--help&lt;/code&gt;.&lt;/p&gt;

&lt;p&gt;For example:&lt;/p&gt;

&lt;pre&gt;&lt;code&gt;$ cf api --help
&lt;/code&gt;&lt;/pre&gt;

&lt;h2 id=&#34;pushing-apps&#34;&gt;Pushing apps&lt;/h2&gt;

&lt;p&gt;1) Download the &lt;a href=&#34;../resources/demo-apps/demo-apps.zip&#34;&gt;demo applications&lt;/a&gt;.  Copy the file to folder: &lt;code&gt;~/pivotal-cloud-foundry-administrator-workshop&lt;/code&gt; (&lt;code&gt;~&lt;/code&gt; is shorthand for the home directory in Linux, Mac and Unix based operating systems).  You will need to create this directory in your &lt;a href=https://en.wikipedia.org/wiki/Home_directory target=&#34;_blank&#34;&gt;home&lt;/a&gt; directory.&lt;/p&gt;

&lt;p&gt;2) Extract the zip file to &lt;code&gt;~/pivotal-cloud-foundry-administrator-workshop/demo-apps&lt;/code&gt;.&lt;/p&gt;

&lt;p&gt;The zip file contains four directories; each directory contains an application developed in a different language.&lt;/p&gt;

&lt;p&gt;3) Open a terminal window and push the &lt;code&gt;node&lt;/code&gt; application&lt;/p&gt;

&lt;pre&gt;&lt;code&gt;$ cd ~/pivotal-cloud-foundry-administrator-workshop/demo-apps/node
$ cf push node --random-route -m 128M
&lt;/code&gt;&lt;/pre&gt;

&lt;p&gt;4) View the &lt;code&gt;node&lt;/code&gt; application in your browser or use &lt;code&gt;curl&lt;/code&gt;.  The url can be obtained from the &lt;code&gt;cf push&lt;/code&gt; output or by issuing the command &lt;code&gt;cf apps&lt;/code&gt;.&lt;/p&gt;

&lt;p&gt;Example (your url will be different):&lt;/p&gt;

&lt;pre&gt;&lt;code&gt;$ curl node-northeasterly-zygoma.cfapps-04.haas-66.pez.pivotal.io
Hello Node
&lt;/code&gt;&lt;/pre&gt;

&lt;p&gt;5) Repeat steps 3 - 4 for the &lt;code&gt;php&lt;/code&gt;, &lt;code&gt;python&lt;/code&gt;, and &lt;code&gt;ruby&lt;/code&gt; applications.&lt;/p&gt;

&lt;p&gt;&lt;strong&gt;&lt;em&gt;NOTE:&lt;/em&gt;&lt;/strong&gt; Make sure you &lt;code&gt;cd&lt;/code&gt; into each directory before pushing.&lt;/p&gt;

&lt;p&gt;&lt;strong&gt;&lt;em&gt;What Just Happened?&lt;/em&gt;&lt;/strong&gt;&lt;/p&gt;

&lt;p&gt;You just deployed four applications each based on a different language and runtime.  Pivotal Cloud Foundry is a polyglot platform, meaning it supports multiple languages and does so in a pluggable way (via buildpacks)!&lt;/p&gt;

&lt;h3 id=&#34;questions&#34;&gt;Questions&lt;/h3&gt;

&lt;ul&gt;
&lt;li&gt;What are some common items in the output that occurred when pushing each application?&lt;/li&gt;
&lt;/ul&gt;

&lt;h2 id=&#34;explore-apps-manager&#34;&gt;Explore Apps Manager&lt;/h2&gt;

&lt;p&gt;1) Navigate to your apps manager application at &lt;code&gt;https://login.run-[NN].haas-66.pez.pivotal.io/&lt;/code&gt; (replace [NN] with the value provided by your instructor). Sign in using your email and the password your instructor has provided.&lt;/p&gt;

&lt;p&gt;Review the following views:&lt;/p&gt;

&lt;ul&gt;
&lt;li&gt;Org&lt;/li&gt;
&lt;li&gt;Space&lt;/li&gt;
&lt;li&gt;App&lt;/li&gt;
&lt;/ul&gt;

&lt;p&gt;&lt;strong&gt;&lt;em&gt;What Just Happened?&lt;/em&gt;&lt;/strong&gt;&lt;/p&gt;

&lt;p&gt;You have interfaced with Pivotal Cloud Foudry from two separate clients (&lt;code&gt;cf&lt;/code&gt; and Apps Manager).  Many of the operations that are available in &lt;code&gt;cf&lt;/code&gt; CLI are also available in Apps Manager.&lt;/p&gt;

&lt;h2 id=&#34;clean-up&#34;&gt;Clean up&lt;/h2&gt;

&lt;p&gt;1) Delete the applications you just pushed.&lt;/p&gt;

&lt;p&gt;This is very important for resource constrained environments.&lt;/p&gt;

&lt;pre&gt;&lt;code&gt;$ cf delete node
&lt;/code&gt;&lt;/pre&gt;

&lt;p&gt;Repeat for &lt;code&gt;php&lt;/code&gt;, &lt;code&gt;python&lt;/code&gt;, and &lt;code&gt;ruby&lt;/code&gt; applications.&lt;/p&gt;

&lt;h1 id=&#34;beyond-the-class&#34;&gt;Beyond the class&lt;/h1&gt;

&lt;p&gt;Check out the Cloud Foundry &lt;a href=https://github.com/cloudfoundry-samples target=&#34;_blank&#34;&gt;sample applications&lt;/a&gt;.&lt;/p&gt;

&lt;p&gt;&lt;a href=https://github.com/cloudfoundry-samples/spring-music target=&#34;_blank&#34;&gt;Spring Music&lt;/a&gt; is a favorite.&lt;/p&gt;
</description>
    </item>
    
  </channel>
</rss>