<?xml version="1.0" encoding="utf-8" standalone="yes" ?>
<rss version="2.0" xmlns:atom="http://www.w3.org/2005/Atom">
  <channel>
    <title>Deploy-an-applications on Pivotal Cloud Foundry Administrator</title>
    <link>/pivotal-cloud-foundry-administrator/deploy-an-application/</link>
    <description>Recent content in Deploy-an-applications on Pivotal Cloud Foundry Administrator</description>
    <generator>Hugo -- gohugo.io</generator>
    <language>en-us</language>
    <copyright>© Copyright Pivotal. All rights reserved.</copyright>
    <lastBuildDate>Thu, 21 Jul 2016 11:15:32 -0500</lastBuildDate>
    <atom:link href="/pivotal-cloud-foundry-administrator/deploy-an-application/index.xml" rel="self" type="application/rss+xml" />
    
    <item>
      <title>Deploy an Application</title>
      <link>/pivotal-cloud-foundry-administrator/deploy-an-application/</link>
      <pubDate>Thu, 21 Jul 2016 11:15:32 -0500</pubDate>
      
      <guid>/pivotal-cloud-foundry-administrator/deploy-an-application/</guid>
      <description>

&lt;p&gt;Estimated time: 30 minutes&lt;/p&gt;

&lt;h1 id=&#34;requirements&#34;&gt;Requirements&lt;/h1&gt;

&lt;p&gt;&lt;a href=&#34;../requirements&#34;&gt;Lab Requirements&lt;/a&gt;&lt;/p&gt;

&lt;h1 id=&#34;what-you-will-learn&#34;&gt;What you will learn&lt;/h1&gt;

&lt;ul&gt;
&lt;li&gt;This lab will review how to push an application and bind services.&lt;/li&gt;
&lt;/ul&gt;

&lt;h1 id=&#34;exercises&#34;&gt;Exercises&lt;/h1&gt;

&lt;p&gt;This lab repeats some of what you did in the &lt;code&gt;Logging, Scale, and HA&lt;/code&gt; lab and the &lt;code&gt;Services&lt;/code&gt; lab.  Its purpose is to allow you to experiment with what you know using your own PCF installation. You will also use the application and services you deploy here to test your installation later in the course.&lt;/p&gt;

&lt;h2 id=&#34;push-the-articulate-application&#34;&gt;Push the &lt;code&gt;articulate&lt;/code&gt; application&lt;/h2&gt;

&lt;p&gt;1) Ensure you are targeting your PCF installation, &lt;code&gt;YOUR-INITIALS-org&lt;/code&gt; org, and the &lt;code&gt;dev&lt;/code&gt; space by running &lt;code&gt;$ cf target&lt;/code&gt;. If necessary, target the appropriate installation, org, and space.&lt;/p&gt;

&lt;p&gt;2) Push the &lt;code&gt;articulate&lt;/code&gt; application that you downloaded in the previous lab to your PCF Installation. Note the generated route.&lt;/p&gt;

&lt;p&gt;(If you no longer have your articulate jar file, you can download it &lt;a href=&#34;../resources/demo-apps/articulate-0.0.1-SNAPSHOT.jar&#34;&gt;here&lt;/a&gt; and copy it to &lt;code&gt;~/pivotal-cloud-foundry-administrator/articulate/&lt;/code&gt;)&lt;/p&gt;

&lt;pre&gt;&lt;code&gt;$ cd ~/pivotal-cloud-foundry-administrator-workshop/articulate/
$ cf push articulate -p ./articulate-0.0.1-SNAPSHOT.jar -m 512M --random-route
&lt;/code&gt;&lt;/pre&gt;

&lt;p&gt;3) Open a browser and use the generated route to navigate to the articulate application.&lt;/p&gt;

&lt;p&gt;&lt;img src=&#34;../resources/images/ha-articulate.png&#34; alt=&#34;Articulate&#34; /&gt;&lt;/p&gt;

&lt;h2 id=&#34;push-the-attendee-service-application&#34;&gt;Push the &lt;code&gt;attendee-service&lt;/code&gt; application&lt;/h2&gt;

&lt;p&gt;1) Push the &lt;code&gt;attendee-service&lt;/code&gt; application.  Note that the application will fail to start up, since it expects to be bound to a MySQL service instance.  You could avoid this error by using the &lt;code&gt;--no-start&lt;/code&gt; option.&lt;/p&gt;

&lt;p&gt;(If you no longer have your attendee-service jar file, you can download it &lt;a href=&#34;../resources/demo-apps/attendee-service-0.0.1-SNAPSHOT.jar&#34;&gt;here&lt;/a&gt; and copy it to &lt;code&gt;~/pivotal-cloud-foundry-administrator/attendee-service/&lt;/code&gt;)&lt;/p&gt;

&lt;pre&gt;&lt;code&gt;$ cd ~/pivotal-cloud-foundry-administrator-workshop/attendee-service/
$ cf push attendee-service -p ./attendee-service-0.0.1-SNAPSHOT.jar -m 512M --random-route
&lt;/code&gt;&lt;/pre&gt;

&lt;h2 id=&#34;add-a-managed-service&#34;&gt;Add a Managed Service&lt;/h2&gt;

&lt;p&gt;1) Provision a MySQL service instance. Note: the MySQL service is available because you added the MySQL tile to your PCF installation.&lt;/p&gt;

&lt;pre&gt;&lt;code&gt;$ cf create-service p-mysql 100mb-dev attendee-mysql
&lt;/code&gt;&lt;/pre&gt;

&lt;p&gt;2) Bind the application with the service instance.&lt;/p&gt;

&lt;pre&gt;&lt;code&gt;$ cf bind-service attendee-service attendee-mysql
&lt;/code&gt;&lt;/pre&gt;

&lt;p&gt;&lt;em&gt;You can ignore the &amp;ldquo;TIP: Use &amp;lsquo;cf restage attendee-service&amp;rsquo; to ensure your env variable changes take effect&amp;rdquo; message at this time.&lt;/em&gt;&lt;/p&gt;

&lt;p&gt;3) Restart the application and note the URI.&lt;/p&gt;

&lt;pre&gt;&lt;code&gt;$ cf restart attendee-service
&lt;/code&gt;&lt;/pre&gt;

&lt;p&gt;4) Review the environment.&lt;/p&gt;

&lt;pre&gt;&lt;code&gt;$ cf env attendee-service
&lt;/code&gt;&lt;/pre&gt;

&lt;p&gt;5) View the &lt;code&gt;attendee-service&lt;/code&gt; in a browser.&lt;/p&gt;

&lt;p&gt;You should see response similar to the following (pic is using the &lt;a href=https://chrome.google.com/webstore/detail/json-formatter/bcjindcccaagfpapjjmafapmmgkkhgoa?hl=en target=&#34;_blank&#34;&gt;JSON Formatter for Chrome&lt;/a&gt;):&lt;/p&gt;

&lt;p&gt;&lt;img src=&#34;../resources/images/attendee-service-site.png&#34; alt=&#34;attendee-service&#34; title=&#34;attendee-service&#34; /&gt;&lt;/p&gt;

&lt;h2 id=&#34;add-a-user-provided-service-instance&#34;&gt;Add a User Provided Service Instance&lt;/h2&gt;

&lt;p&gt;Review: &lt;code&gt;articulate&#39;s&lt;/code&gt; default configuration for the &lt;code&gt;attendee-service&lt;/code&gt; &lt;code&gt;uri&lt;/code&gt; is &lt;code&gt;http://localhost:8181/attendees&lt;/code&gt;.  The subsequent steps will allow you to override the default configuration with your own.&lt;/p&gt;

&lt;p&gt;1) Create a user provided service instance.  This will create an interactive prompt.  Don&amp;rsquo;t use the literal below for the value of &lt;code&gt;URI&lt;/code&gt;, use your &lt;code&gt;attendee-service&lt;/code&gt; &lt;code&gt;uri&lt;/code&gt;.  Also make sure to specify &lt;code&gt;http&lt;/code&gt; and include &lt;code&gt;/attendees&lt;/code&gt; in the path.&lt;/p&gt;

&lt;p&gt;&lt;strong&gt;&lt;em&gt;NOTE:&lt;/em&gt;&lt;/strong&gt; This will not work with &lt;code&gt;https&lt;/code&gt;.&lt;/p&gt;

&lt;pre&gt;&lt;code&gt;$cf create-user-provided-service attendee-service -p uri
uri &amp;gt; http://attendee-service-surfy-glt.cfapps-01.haas-66.pez.pivotal.io/attendees
&lt;/code&gt;&lt;/pre&gt;

&lt;p&gt;2) Bind &lt;code&gt;articulate&lt;/code&gt; to the &lt;code&gt;attendee-service&lt;/code&gt; user provided service.&lt;/p&gt;

&lt;pre&gt;&lt;code&gt;$ cf bind-service articulate attendee-service
&lt;/code&gt;&lt;/pre&gt;

&lt;p&gt;&lt;em&gt;You can ignore the &amp;ldquo;TIP: Use &amp;lsquo;cf restage articulate&amp;rsquo; to ensure your env variable changes take effect&amp;rdquo; message at this time.&lt;/em&gt;&lt;/p&gt;

&lt;p&gt;3) Restart the application.&lt;/p&gt;

&lt;pre&gt;&lt;code&gt;$ cf restart articulate
&lt;/code&gt;&lt;/pre&gt;

&lt;p&gt;4) Review the environment.&lt;/p&gt;

&lt;pre&gt;&lt;code&gt;$ cf env articulate
&lt;/code&gt;&lt;/pre&gt;

&lt;p&gt;5) Refresh the &lt;code&gt;articulate&lt;/code&gt; &lt;code&gt;Services&lt;/code&gt; page.  You can now see the &lt;code&gt;attendee-service&lt;/code&gt; listed under &lt;code&gt;Services&lt;/code&gt;.&lt;/p&gt;

&lt;p&gt;7) Add &lt;strong&gt;at least 3 attendees&lt;/strong&gt;.&lt;/p&gt;

&lt;p&gt;&lt;img src=&#34;../resources/images/articulate-attendee.png&#34; alt=&#34;articulate attendee&#34; /&gt;&lt;/p&gt;

&lt;p&gt;&lt;strong&gt;&lt;em&gt;NOTE:&lt;/em&gt;&lt;/strong&gt; If you can&amp;rsquo;t add attendees review the &lt;code&gt;articulate&lt;/code&gt; logs and the user provided service instance configuration.&lt;/p&gt;

&lt;p&gt;&lt;strong&gt;Congratulations!&lt;/strong&gt; You have finished the Deploy an Application lab.&lt;/p&gt;
</description>
    </item>
    
    <item>
      <title>Deploy an Application Instructor Notes</title>
      <link>/pivotal-cloud-foundry-administrator/deploy-an-application/notes/</link>
      <pubDate>Wed, 20 Jul 2016 09:18:50 -0500</pubDate>
      
      <guid>/pivotal-cloud-foundry-administrator/deploy-an-application/notes/</guid>
      <description>

&lt;h1 id=&#34;what-students-should-know&#34;&gt;What students should know&lt;/h1&gt;

&lt;p&gt;Students should understand how to push an application to Cloud Foundry. They should also be able to (1) create a service instance from among those available in the marketplace, (2) create a user provided service and (3) how to bind both types of services to the application.&lt;/p&gt;

&lt;h1 id=&#34;questions&#34;&gt;Questions&lt;/h1&gt;

&lt;p&gt;After completing the lab recap, review the following questions as a class:&lt;/p&gt;

&lt;h2 id=&#34;general-discussion-questions&#34;&gt;General Discussion Questions&lt;/h2&gt;

&lt;p&gt;&lt;strong&gt;Q:&lt;/strong&gt; When you run &lt;code&gt;cf marketplace&lt;/code&gt;, what services are available?  How would you add more services to the marketplace?&lt;br&gt;
&lt;strong&gt;A:&lt;/strong&gt; p-mysql and app-autoscaler are the available services. You can add services by adding additional tiles in Ops Manager.  Many different service tiles area available in the Pivotal Network.&lt;/p&gt;

&lt;h2 id=&#34;questions-from-the-lab&#34;&gt;Questions From the Lab&lt;/h2&gt;

&lt;p&gt;&lt;strong&gt;Q:&lt;/strong&gt; On the initial &lt;code&gt;cf push&lt;/code&gt;, attendee-service should not start up correctly. Why not?&lt;br&gt;
&lt;strong&gt;A:&lt;/strong&gt; Because it depends upon a database service that is not yet available to it.  (This was done intentionally to demonstrate what happens when a required service is not available when an application starts up.)&lt;/p&gt;

&lt;h1 id=&#34;troubleshooting&#34;&gt;Troubleshooting&lt;/h1&gt;

&lt;p&gt;Troubleshooting guidance for the lab that instructors need to know.&lt;/p&gt;

&lt;p&gt;&lt;strong&gt;Problem:&lt;/strong&gt; Student cannot add attendees to the articulate app. &lt;br&gt;
&lt;strong&gt;Solution:&lt;/strong&gt; Ensure that the student has set the uri appropriately.  Is the uri set to http and &lt;em&gt;not&lt;/em&gt; https?  Is the approprate credential set (is there a &lt;strong&gt;uri&lt;/strong&gt; credential and &lt;strong&gt;not&lt;/strong&gt; a &lt;em&gt;url&lt;/em&gt; or &lt;em&gt;Uri&lt;/em&gt; credential?) when the student runs &lt;code&gt;cf env articulate&lt;/code&gt;?  If one of these is a problem, use &lt;code&gt;cf uups&lt;/code&gt; to update the credential.&lt;/p&gt;

&lt;h1 id=&#34;feedback&#34;&gt;Feedback&lt;/h1&gt;

&lt;p&gt;Please keep track of all types of feedback, so that we can make this module great.  That includes questions that students may ask that we should be answering up front, lab corrections/improvements, etc.&lt;/p&gt;

&lt;p&gt;Submit feedback to: &lt;a href=&#34;mailto:pcf-administrator-instructor-feedback@pivotal.io&#34;&gt;pcf-administrator-instructor-feedback@pivotal.io&lt;/a&gt;&lt;/p&gt;
</description>
    </item>
    
  </channel>
</rss>