<?xml version="1.0" encoding="utf-8" standalone="yes" ?>
<rss version="2.0" xmlns:atom="http://www.w3.org/2005/Atom">
  <channel>
    <title>Requirements on Pivotal Cloud Foundry Administrator</title>
    <link>/pivotal-cloud-foundry-administrator/requirements/</link>
    <description>Recent content in Requirements on Pivotal Cloud Foundry Administrator</description>
    <generator>Hugo -- gohugo.io</generator>
    <language>en-us</language>
    <copyright>© Copyright Pivotal. All rights reserved.</copyright>
    <lastBuildDate>Fri, 22 Jul 2016 11:17:31 -0500</lastBuildDate>
    <atom:link href="/pivotal-cloud-foundry-administrator/requirements/index.xml" rel="self" type="application/rss+xml" />
    
    <item>
      <title>Requirements</title>
      <link>/pivotal-cloud-foundry-administrator/requirements/</link>
      <pubDate>Fri, 22 Jul 2016 11:17:31 -0500</pubDate>
      
      <guid>/pivotal-cloud-foundry-administrator/requirements/</guid>
      <description>

&lt;h2 id=&#34;personal-experience&#34;&gt;Personal Experience&lt;/h2&gt;

&lt;ul&gt;
&lt;li&gt;Familiarity with Linux or Windows shell commands&lt;/li&gt;
&lt;li&gt;Experience with networking and/or distributed computing, especially using an IAAS like AWS, vSphere, or OpenStack&lt;/li&gt;
&lt;li&gt;Interest in learning to manage a Pivotal Cloud Foundry installation&lt;/li&gt;
&lt;/ul&gt;

&lt;h2 id=&#34;pcf-environment&#34;&gt;PCF Environment&lt;/h2&gt;

&lt;p&gt;A vSphere environment will be provided by your instructor for you install and manage Pivotal Cloud Foundry.&lt;/p&gt;

&lt;p&gt;You &lt;strong&gt;MUST&lt;/strong&gt; either:&lt;/p&gt;

&lt;ul&gt;
&lt;li&gt;Have the Remote Desktop program installed on your computer&lt;/li&gt;
&lt;li&gt;Or be able to install it&lt;/li&gt;
&lt;/ul&gt;

&lt;h2 id=&#34;optional&#34;&gt;Optional&lt;/h2&gt;

&lt;ul&gt;
&lt;li&gt;Take the free &lt;a href=&#34;https://pivotal.io/academy/course/introduction-to-pivotal-cloud-foundry&#34; target=&#34;_blank&#34;&gt; Intro to Pivotal Cloud Foundry &lt;/a&gt;&lt;/li&gt;
&lt;li&gt;For a more in depth look at Pivotal Cloud Foundry developer tools, take &lt;a href=&#34;https://pivotal.io/academy/course/pivotal-cloud-foundry-developer&#34; target=&#34;_blank&#34;&gt;Pivotal Cloud Foundry Developer&lt;/a&gt;&lt;/li&gt;
&lt;/ul&gt;
</description>
    </item>
    
  </channel>
</rss>