<?xml version="1.0" encoding="utf-8" standalone="yes" ?>
<rss version="2.0" xmlns:atom="http://www.w3.org/2005/Atom">
  <channel>
    <title>Metrics on Pivotal Cloud Foundry Administrator</title>
    <link>/pivotal-cloud-foundry-administrator/metrics/</link>
    <description>Recent content in Metrics on Pivotal Cloud Foundry Administrator</description>
    <generator>Hugo -- gohugo.io</generator>
    <language>en-us</language>
    <copyright>© Copyright Pivotal. All rights reserved.</copyright>
    <lastBuildDate>Mon, 07 Mar 2016 15:49:50 -0600</lastBuildDate>
    <atom:link href="/pivotal-cloud-foundry-administrator/metrics/index.xml" rel="self" type="application/rss+xml" />
    
    <item>
      <title>Instructor Notes</title>
      <link>/pivotal-cloud-foundry-administrator/metrics/notes/</link>
      <pubDate>Mon, 07 Mar 2016 15:49:50 -0600</pubDate>
      
      <guid>/pivotal-cloud-foundry-administrator/metrics/notes/</guid>
      <description>

&lt;h1 id=&#34;questions&#34;&gt;Questions&lt;/h1&gt;

&lt;p&gt;After completing the lab recap as a class the following questions:&lt;/p&gt;

&lt;h2 id=&#34;general-discussion-questions&#34;&gt;General Discussion Questions&lt;/h2&gt;

&lt;p&gt;PCF Metrics is very much in its early stages (it is still labeled a beta).  So don&amp;rsquo;t oversell its capabilities.&lt;/p&gt;

&lt;p&gt;It is known that right now it doesn&amp;rsquo;t help you pinpoint exactly where the problem is but further iterations (release of the product) will be moving towards more integrated views, such as including logs for a specific point in time and support for individual instances (at present everything is aggregated/averaged).&lt;/p&gt;

&lt;h2 id=&#34;questions-from-the-lab&#34;&gt;Questions From the Lab&lt;/h2&gt;

&lt;p&gt;&lt;strong&gt;Q:&lt;/strong&gt; &lt;em&gt;What might a spike in memory indicate?&lt;/em&gt;&lt;br&gt;
&lt;strong&gt;A:&lt;/strong&gt; A spike in memory might mean a resource leak in the code.&lt;/p&gt;

&lt;h1 id=&#34;troubleshooting&#34;&gt;Troubleshooting&lt;/h1&gt;

&lt;p&gt;Troubleshooting guidance for the lab that instructors need to know.&lt;/p&gt;

&lt;h1 id=&#34;feedback&#34;&gt;Feedback&lt;/h1&gt;

&lt;p&gt;Please keep track of all types of feedback, so that we can make this module great.  That includes questions that students may ask that we should be answering up front, lab corrections/improvements, etc.&lt;/p&gt;

&lt;p&gt;Submit feedback to: &lt;a href=&#34;mailto:pcf-administrator-instructor-feedback@pivotal.io&#34;&gt;pcf-administrator-instructor-feedback@pivotal.io&lt;/a&gt;&lt;/p&gt;
</description>
    </item>
    
    <item>
      <title>Metrics</title>
      <link>/pivotal-cloud-foundry-administrator/metrics/</link>
      <pubDate>Fri, 04 Mar 2016 09:51:10 -0600</pubDate>
      
      <guid>/pivotal-cloud-foundry-administrator/metrics/</guid>
      <description>

&lt;p&gt;Estimated Time: 25 minutes&lt;/p&gt;

&lt;p&gt;Environment: PCF-pre-installed&lt;/p&gt;

&lt;h1 id=&#34;requirements&#34;&gt;Requirements&lt;/h1&gt;

&lt;p&gt;&lt;a href=&#34;../requirements&#34;&gt;Lab Requirements&lt;/a&gt;&lt;/p&gt;

&lt;h1 id=&#34;what-you-will-learn&#34;&gt;What you will learn&lt;/h1&gt;

&lt;ul&gt;
&lt;li&gt;How to access PCF Metrics&lt;/li&gt;
&lt;li&gt;How to use PCF Metrics to better understand how your application is performing&lt;/li&gt;
&lt;/ul&gt;

&lt;h1 id=&#34;exercises&#34;&gt;Exercises&lt;/h1&gt;

&lt;h2 id=&#34;pcf-metrics-overview&#34;&gt;PCF Metrics Overview&lt;/h2&gt;

&lt;h3 id=&#34;pivotal-cloud-foundry&#34;&gt;Pivotal Cloud Foundry&lt;/h3&gt;

&lt;p&gt;1) Review the &lt;a href=http://docs.pivotal.io/pcf-metrics/using.html target=&#34;_blank&#34;&gt;documentation&lt;/a&gt; on PCF Metrics.&lt;/p&gt;

&lt;h3 id=&#34;pivotal-web-services&#34;&gt;Pivotal Web Services&lt;/h3&gt;

&lt;p&gt;1) Review the &lt;a href=http://docs.run.pivotal.io/metrics/using.html target=&#34;_blank&#34;&gt; documentation&lt;/a&gt; on PCF Metrics.&lt;/p&gt;

&lt;h2 id=&#34;explore-pcf-metrics&#34;&gt;Explore PCF Metrics&lt;/h2&gt;

&lt;p&gt;1) Log into PCF Metrics and explore the views for &lt;code&gt;articulate&lt;/code&gt;.&lt;/p&gt;

&lt;p&gt;2) Generate some traffic to &lt;code&gt;articulate&lt;/code&gt; and observe the effects.&lt;/p&gt;

&lt;p&gt;Optionally use the JMeter script from the &lt;a href=&#34;../application-auto-scaler&#34;&gt;Application Autoscaler lab&lt;/a&gt; to generate some traffic.&lt;/p&gt;

&lt;h2 id=&#34;questions&#34;&gt;Questions&lt;/h2&gt;

&lt;ul&gt;
&lt;li&gt;What might a spike in memory indicate?&lt;/li&gt;
&lt;/ul&gt;
</description>
    </item>
    
  </channel>
</rss>