<?xml version="1.0" encoding="utf-8" standalone="yes" ?>
<rss version="2.0" xmlns:atom="http://www.w3.org/2005/Atom">
  <channel>
    <title>Create-bosh-releases on Pivotal Cloud Foundry Administrator</title>
    <link>/pivotal-cloud-foundry-administrator/create-bosh-release/</link>
    <description>Recent content in Create-bosh-releases on Pivotal Cloud Foundry Administrator</description>
    <generator>Hugo -- gohugo.io</generator>
    <language>en-us</language>
    <copyright>© Copyright Pivotal. All rights reserved.</copyright>
    <lastBuildDate>Wed, 20 Jul 2016 15:33:01 -0500</lastBuildDate>
    <atom:link href="/pivotal-cloud-foundry-administrator/create-bosh-release/index.xml" rel="self" type="application/rss+xml" />
    
    <item>
      <title>Create a BOSH Release</title>
      <link>/pivotal-cloud-foundry-administrator/create-bosh-release/</link>
      <pubDate>Wed, 20 Jul 2016 15:33:01 -0500</pubDate>
      
      <guid>/pivotal-cloud-foundry-administrator/create-bosh-release/</guid>
      <description>

&lt;p&gt;Estimated time: 30 minutes&lt;/p&gt;

&lt;h1 id=&#34;requirements&#34;&gt;Requirements&lt;/h1&gt;

&lt;p&gt;&lt;a href=&#34;../requirements&#34;&gt;Lab Requirements&lt;/a&gt;&lt;/p&gt;

&lt;h1 id=&#34;what-you-will-learn&#34;&gt;What you will learn&lt;/h1&gt;

&lt;ul&gt;
&lt;li&gt;How to create a BOSH release&lt;/li&gt;
&lt;/ul&gt;

&lt;h1 id=&#34;exercises&#34;&gt;Exercises&lt;/h1&gt;

&lt;h2 id=&#34;stub-out-a-postgressql-release&#34;&gt;Stub Out a PostgresSQL Release&lt;/h2&gt;

&lt;p&gt;Read about creating a BOSH release &lt;a href=&#34;https://bosh.io/docs/create-release.html&#34; target=&#34;_blank&#34;&gt;here&lt;/a&gt;.&lt;/p&gt;

&lt;p&gt;From the &lt;strong&gt;Ubuntu Jumpbox&lt;/strong&gt; execute the following:&lt;/p&gt;

&lt;p&gt;1) Set the working directory to the home dirctory.&lt;/p&gt;

&lt;pre&gt;&lt;code&gt;$ cd ~
&lt;/code&gt;&lt;/pre&gt;

&lt;p&gt;2) Stub out the release.&lt;/p&gt;

&lt;pre&gt;&lt;code&gt;$ bosh init release my_postgres_release
&lt;/code&gt;&lt;/pre&gt;

&lt;p&gt;3) Review the directories and files created.&lt;/p&gt;

&lt;pre&gt;&lt;code&gt;$ cd my_postgres_release
$ tree
&lt;/code&gt;&lt;/pre&gt;

&lt;p&gt;&lt;strong&gt;&lt;em&gt;NOTE:&lt;/em&gt;&lt;/strong&gt; If &lt;code&gt;tree&lt;/code&gt; is not installed, install it with: &lt;code&gt;sudo apt-get install tree&lt;/code&gt;&lt;/p&gt;

&lt;h2 id=&#34;create-a-job&#34;&gt;Create a Job&lt;/h2&gt;

&lt;p&gt;1) Review the job &lt;a target=&#34;_blank&#34; href=&#34;https://bosh.io/docs/jobs.html&#34;&gt;documentation&lt;/a&gt;.&lt;/p&gt;

&lt;p&gt;2) Create the &lt;code&gt;my-pg-server&lt;/code&gt; job.&lt;/p&gt;

&lt;pre&gt;&lt;code&gt;$ bosh generate job my-pg-server
&lt;/code&gt;&lt;/pre&gt;

&lt;p&gt;3) Review the directory tree again.&lt;/p&gt;

&lt;pre&gt;&lt;code&gt;$ tree
&lt;/code&gt;&lt;/pre&gt;

&lt;p&gt;4) For each job created, check the files jobs/&lt;job_name&gt;/spec and jobs/&lt;job_name&gt;/monit. In this case:&lt;/p&gt;

&lt;pre&gt;&lt;code&gt;$ cat jobs/my-pg-server/spec
$ cat jobs/my-pg-server/monit
&lt;/code&gt;&lt;/pre&gt;

&lt;p&gt;5) Create a template for starting/stopping the job.&lt;/p&gt;

&lt;p&gt;Create the file: &lt;code&gt;jobs/my-pg-server/templates/pgsql_ctl.erb&lt;/code&gt; with the contents below:&lt;/p&gt;

&lt;pre&gt;&lt;code class=&#34;language-bash&#34;&gt;#!/bin/bash -e

LOG_DIR=/var/vcap/sys/log/my-pg-server
DATA_DIR=/var/vcap/jobs/my-pg-server/data
BASE_DIR=/var/vcap/packages/my-pg-pkg
BINARY_DIR=$BASE_DIR/bin

case $1 in
  start)

   if ! test -d $LOG_DIR; then

      sudo mkdir $LOG_DIR
      sudo chown -R vcap:vcap $LOG_DIR
   fi



   if ! test -d $DATA_DIR; then
      mkdir $DATA_DIR
      sudo chown -R vcap:vcap $DATA_DIR
      sudo chmod 700 $DATA_DIR

      sudo -u vcap $BINARY_DIR/pg_ctl initdb -D $DATA_DIR -o &amp;quot;--auth=trust&amp;quot;

      # enable TCP/IP connections
      sed -i &amp;quot;s/#listen_addresses = &#39;localhost&#39;/listen_addresses = &#39;*&#39;/g&amp;quot; $DATA_DIR/postgresql.conf
      sed -i &#39;s/#port = 5432/port = 5432/g&#39; $DATA_DIR/postgresql.conf
      echo &#39;host		all	all	0.0.0.0/0	trust&#39; &amp;gt;&amp;gt;$DATA_DIR/pg_hba.conf


   fi

   sudo -u vcap $BINARY_DIR/pg_ctl start -l $LOG_DIR/server.log -D $DATA_DIR


    ;;

  stop)

    sudo -u vcap $BINARY_DIR/pg_ctl stop -D $DATA_DIR -l $LOG_DIR/server.log

    ;;

  *)
    echo &amp;quot;Usage: pgsql_ctl {start|stop}&amp;quot;

    ;;

esac
&lt;/code&gt;&lt;/pre&gt;

&lt;p&gt;6) Edit the &lt;code&gt;jobs/my-pg-server/monit&lt;/code&gt; script to have the following contents:&lt;/p&gt;

&lt;pre&gt;&lt;code&gt;check process psql
  with pidfile /var/vcap/jobs/my-pg-server/data/postmaster.pid
  start program &amp;quot;/var/vcap/jobs/my-pg-server/bin/pgsql_ctl start&amp;quot; with timeout 600 seconds
  stop program &amp;quot;/var/vcap/jobs/my-pg-server/bin/pgsql_ctl stop&amp;quot;
  group vcap
&lt;/code&gt;&lt;/pre&gt;

&lt;p&gt;&lt;strong&gt;&lt;em&gt;What&amp;rsquo;s happening?&lt;/em&gt;&lt;/strong&gt;&lt;/p&gt;

&lt;p&gt;This script is responsible for starting and stopping our job. Note that it references a file called &lt;code&gt;pgsql_ctl&lt;/code&gt;; that will be generated based on the template &lt;code&gt;pgsql_ctl.erb&lt;/code&gt; we created in &lt;code&gt;Step 5&lt;/code&gt;.&lt;/p&gt;

&lt;p&gt;7) Edit the &lt;code&gt;jobs/my-pg-server/spec&lt;/code&gt; script to have the following contents:&lt;/p&gt;

&lt;pre&gt;&lt;code&gt;name: my-pg-server

templates:
  pgsql_ctl.erb: bin/pgsql_ctl

packages:
- my-pg-pkg
&lt;/code&gt;&lt;/pre&gt;

&lt;p&gt;&lt;strong&gt;&lt;em&gt;What&amp;rsquo;s happening?&lt;/em&gt;&lt;/strong&gt;&lt;/p&gt;

&lt;p&gt;The &lt;code&gt;jobs/my-pg-server/spec&lt;/code&gt; tells BOSH to create a &lt;code&gt;bin/pgsql_ctl&lt;/code&gt; script based on our &lt;code&gt;pgsql_ctl.erb&lt;/code&gt; template. We could use BOSH variables/properties in this file, and the transformations would be applied when compiling the job.&lt;/p&gt;

&lt;p&gt;At this point we should have our job completed:&lt;/p&gt;

&lt;ol&gt;
&lt;li&gt;The job has defined the packages it depends on.&lt;/li&gt;
&lt;li&gt;Monit knows what to monitor and what scripts to call in order to start/stop the process.&lt;/li&gt;
&lt;li&gt;The script to start the server has been created.&lt;/li&gt;
&lt;/ol&gt;

&lt;h3 id=&#34;questions&#34;&gt;Questions&lt;/h3&gt;

&lt;ul&gt;
&lt;li&gt;What are the major components of a Job?&lt;/li&gt;
&lt;li&gt;Where are properties defined?&lt;/li&gt;
&lt;li&gt;There is usually at least one ERB template.  What is it?&lt;/li&gt;
&lt;li&gt;Name a reason why ERB templates are needed.&lt;/li&gt;
&lt;/ul&gt;

&lt;h2 id=&#34;create-a-package&#34;&gt;Create a Package&lt;/h2&gt;

&lt;p&gt;1) Review the package &lt;a target=&#34;_blank&#34; href=&#34;https://bosh.io/docs/packages.html&#34;&gt;documentation&lt;/a&gt;.&lt;/p&gt;

&lt;p&gt;2) Create the &lt;code&gt;my-pg-pkg&lt;/code&gt; package.&lt;/p&gt;

&lt;pre&gt;&lt;code&gt;$ bosh generate package my-pg-pkg
&lt;/code&gt;&lt;/pre&gt;

&lt;p&gt;3) Review what was created.&lt;/p&gt;

&lt;pre&gt;&lt;code&gt;$ tree
&lt;/code&gt;&lt;/pre&gt;

&lt;p&gt;4) Edit the &lt;code&gt;packages/my-pg-pkg/spec&lt;/code&gt; script to have the following contents:&lt;/p&gt;

&lt;pre&gt;&lt;code&gt;name: my-pg-pkg

dependencies:

files:
- postgresql-9.3.5.tar.gz
&lt;/code&gt;&lt;/pre&gt;

&lt;p&gt;5) Download the PostgresSQL source.&lt;/p&gt;

&lt;pre&gt;&lt;code&gt;$ curl -o postgresql-9.3.5.tar.gz https://ftp.postgresql.org/pub/source/v9.3.5/postgresql-9.3.5.tar.gz
$ mv postgresql-9.3.5.tar.gz src
&lt;/code&gt;&lt;/pre&gt;

&lt;p&gt;&lt;strong&gt;&lt;em&gt;What&amp;rsquo;s happening?&lt;/em&gt;&lt;/strong&gt;&lt;/p&gt;

&lt;p&gt;The &lt;code&gt;packages/my-pg-pkg/spec&lt;/code&gt; file has declared that source code &lt;code&gt;postgresql-9.3.5.tar.gz&lt;/code&gt; is required for this package.&lt;/p&gt;

&lt;p&gt;BOSH will look for that file under &lt;code&gt;src&lt;/code&gt; and &lt;code&gt;blobs&lt;/code&gt;.&lt;/p&gt;

&lt;p&gt;6) Edit the &lt;code&gt;packages/my-pg-pkg/packaging&lt;/code&gt; script to have the following contents:&lt;/p&gt;

&lt;pre&gt;&lt;code&gt;# abort script on any command that exits with a non zero value
set -e

tar zxvf postgresql-9.3.5.tar.gz
pushd postgresql-9.3.5
  # need to run as root?
  # sudo su -
  ./configure --prefix=${BOSH_INSTALL_TARGET}

  make
  make install
popd

# post-install procedures
LD_LIBRARY_PATH=/usr/local/pgsql/lib
export LD_LIBRARY_PATH
&lt;/code&gt;&lt;/pre&gt;

&lt;p&gt;&lt;strong&gt;&lt;em&gt;What&amp;rsquo;s happening?&lt;/em&gt;&lt;/strong&gt;&lt;/p&gt;

&lt;p&gt;The &lt;code&gt;packaging&lt;/code&gt; script compiles and installs the software.&lt;/p&gt;

&lt;p&gt;7) Create a blobstore.&lt;/p&gt;

&lt;p&gt;Although we don&amp;rsquo;t have blobs for this release (we&amp;rsquo;re providing everything needed as source), it&amp;rsquo;s mandatory to configure a blobstore, so we&amp;rsquo;ll do a dummy config.&lt;/p&gt;

&lt;p&gt;Create the file &lt;code&gt;config/final.yml&lt;/code&gt; and paste the following:&lt;/p&gt;

&lt;pre&gt;&lt;code&gt;final_name: my-postgres
min_cli_version: 1.5.0.pre.1142
blobstore:
  provider: local
  options:
    blobstore_path: /tmp/postgres-blobs
&lt;/code&gt;&lt;/pre&gt;

&lt;h3 id=&#34;questions-1&#34;&gt;Questions&lt;/h3&gt;

&lt;ul&gt;
&lt;li&gt;How does BOSH manage compile time dependencies?&lt;/li&gt;
&lt;li&gt;Can binaries be included or just source?&lt;/li&gt;
&lt;/ul&gt;

&lt;h2 id=&#34;create-and-upload-the-release&#34;&gt;Create and Upload the Release&lt;/h2&gt;

&lt;p&gt;1) Create the release and accept the default name.&lt;/p&gt;

&lt;pre&gt;&lt;code&gt;$ bosh create release --force
&lt;/code&gt;&lt;/pre&gt;

&lt;p&gt;2) Upload it to the bosh director:&lt;/p&gt;

&lt;pre&gt;&lt;code&gt;$ bosh upload release
&lt;/code&gt;&lt;/pre&gt;

&lt;h2 id=&#34;create-a-deployment-manifest&#34;&gt;Create a Deployment Manifest&lt;/h2&gt;

&lt;p&gt;1) Review the &lt;a target=&#34;_blank&#34; href=&#34;https://bosh.io/docs/deployment-manifest.html&#34;&gt;Manifest Schema Reference&lt;/a&gt;.&lt;/p&gt;

&lt;p&gt;2) Create a &lt;code&gt;postgres.yml&lt;/code&gt; file with the following contents and substitute the variables with the table values below.  If using find/replace, be certain it is case-sensitive.&lt;/p&gt;

&lt;pre&gt;&lt;code class=&#34;language-yaml&#34;&gt;---
name: my-postgres
director_uuid: DIRECTOR-UUID # CHANGE ME

releases:
- name: my-postgres
  version: latest


networks:
- name: default
  subnets:
  - range: NETWORK-RANGE # CHANGE ME
    reserved: [RESERVED-NETWORK] # CHANGE ME
    static: [STATIC-IP3] # CHANGE ME
    gateway: GATEWAY3 # CHANGE ME
    dns:
    - DNS3 # CHANGE ME
    cloud_properties:
      name: NETWORK-NAME # CHANGE ME

resource_pools:
- name: default
  stemcell:
    name:  bosh-vsphere-esxi-ubuntu-trusty-go_agent
    version: latest
  network: default
  cloud_properties:
    ram: 4096
    disk: 8192
    cpu: 2
    datacenters:
    - clusters:
      - CLUSTER-NAME: {} # CHANGE ME

compilation:
  workers: 1
  cloud_properties:
    ram: 8192
    disk: 8096
    cpu: 4
    datacenters:
    - clusters:
      - CLUSTER-NAME: {} # CHANGE ME
  network: default
  reuse_compilation_vms: true


update:
  canaries: 1
  canary_watch_time: 3000 - 180000
  update_watch_time: 3000 - 180000
  max_in_flight: 2
  max_errors: 1


jobs:
 - name: my-pg-server
   template: my-pg-server
   instances: 1
   resource_pool: default
   persistent_disk: 7128
   properties:
     host: STATIC-IP3 # CHANGE ME
   networks:
   - name: default
     static_ips:
     - STATIC-IP3 # CHANGE ME
&lt;/code&gt;&lt;/pre&gt;

&lt;table&gt;
&lt;thead&gt;
&lt;tr&gt;
&lt;th align=&#34;left&#34;&gt;Variable&lt;/th&gt;
&lt;th align=&#34;left&#34;&gt;Value&lt;/th&gt;
&lt;/tr&gt;
&lt;/thead&gt;

&lt;tbody&gt;
&lt;tr&gt;
&lt;td align=&#34;left&#34;&gt;DIRECTOR-UUID&lt;/td&gt;
&lt;td align=&#34;left&#34;&gt;obtain with &lt;code&gt;bosh status&lt;/code&gt;&lt;/td&gt;
&lt;/tr&gt;

&lt;tr&gt;
&lt;td align=&#34;left&#34;&gt;NETWORK-RANGE&lt;/td&gt;
&lt;td align=&#34;left&#34;&gt;10.193.[envSpecific octet].0/24&lt;/td&gt;
&lt;/tr&gt;

&lt;tr&gt;
&lt;td align=&#34;left&#34;&gt;GATEWAY3&lt;/td&gt;
&lt;td align=&#34;left&#34;&gt;10.193.[envSpecific octet].1&lt;/td&gt;
&lt;/tr&gt;

&lt;tr&gt;
&lt;td align=&#34;left&#34;&gt;DNS3&lt;/td&gt;
&lt;td align=&#34;left&#34;&gt;10.193.135.2&lt;/td&gt;
&lt;/tr&gt;

&lt;tr&gt;
&lt;td align=&#34;left&#34;&gt;RESERVED-NETWORK&lt;/td&gt;
&lt;td align=&#34;left&#34;&gt;10.193.[envSpecific octet].0-10.193.[envSpecific octet].150,10.193.[envSpecific octet].245-10.193.[envSpecific octet].255&lt;/td&gt;
&lt;/tr&gt;

&lt;tr&gt;
&lt;td align=&#34;left&#34;&gt;NETWORK-NAME&lt;/td&gt;
&lt;td align=&#34;left&#34;&gt;env[NN]&lt;/td&gt;
&lt;/tr&gt;

&lt;tr&gt;
&lt;td align=&#34;left&#34;&gt;STATIC-IP3&lt;/td&gt;
&lt;td align=&#34;left&#34;&gt;10.193.[envSpecific octet].242&lt;/td&gt;
&lt;/tr&gt;

&lt;tr&gt;
&lt;td align=&#34;left&#34;&gt;CLUSTER-NAME&lt;/td&gt;
&lt;td align=&#34;left&#34;&gt;Cluster&lt;/td&gt;
&lt;/tr&gt;
&lt;/tbody&gt;
&lt;/table&gt;

&lt;h3 id=&#34;questions-2&#34;&gt;Questions&lt;/h3&gt;

&lt;ul&gt;
&lt;li&gt;How would a different stemcell version be specified for this release?&lt;/li&gt;
&lt;/ul&gt;

&lt;h3 id=&#34;deploy&#34;&gt;Deploy&lt;/h3&gt;

&lt;p&gt;1) Set the deployment.&lt;/p&gt;

&lt;pre&gt;&lt;code&gt;$ bosh deployment postgres.yml
&lt;/code&gt;&lt;/pre&gt;

&lt;p&gt;2) Deploy.&lt;/p&gt;

&lt;pre&gt;&lt;code&gt;$ bosh deploy
&lt;/code&gt;&lt;/pre&gt;

&lt;p&gt;4) Confirm that postgres is up and listening:&lt;/p&gt;

&lt;pre&gt;&lt;code&gt;$  psql -h 10.193.[envSpecific octet].242 --username=vcap -d template1
&lt;/code&gt;&lt;/pre&gt;

&lt;p&gt;&lt;strong&gt;&lt;em&gt;Note:&lt;/em&gt;&lt;/strong&gt; If &lt;code&gt;psql&lt;/code&gt; is not installed, then install with this command: &lt;code&gt;sudo apt-get install postgresql-client&lt;/code&gt;.&lt;/p&gt;

&lt;h3 id=&#34;questions-3&#34;&gt;Questions&lt;/h3&gt;

&lt;ul&gt;
&lt;li&gt;Assume you wanted to change the IP address of the job/VM and did a deploy.  Would data be lost?&lt;/li&gt;
&lt;/ul&gt;

&lt;p&gt;&lt;strong&gt;Congratulations!&lt;/strong&gt; You created BOSH release from scratch and deployed it!&lt;/p&gt;

&lt;h1 id=&#34;beyond-the-class&#34;&gt;Beyond the Class&lt;/h1&gt;

&lt;p&gt;Review the &lt;a target=&#34;_blank&#34; href=&#34;https://medium.com/built-to-adapt/the-three-r-s-of-enterprise-security-rotate-repave-and-repair-f64f6d6ba29d#.glw98tutg&#34;&gt;Three R&amp;rsquo;s of Enterprise Security: Rotate, Repave, and Repair&lt;/a&gt; and see how BOSH could play a part.&lt;/p&gt;
</description>
    </item>
    
    <item>
      <title>Create a BOSH Release Instructor Notes</title>
      <link>/pivotal-cloud-foundry-administrator/create-bosh-release/notes/</link>
      <pubDate>Wed, 20 Jul 2016 09:18:50 -0500</pubDate>
      
      <guid>/pivotal-cloud-foundry-administrator/create-bosh-release/notes/</guid>
      <description>

&lt;h1 id=&#34;what-students-should-know&#34;&gt;What students should know&lt;/h1&gt;

&lt;p&gt;In this lab, students should recognize that they are doing a BOSH deploy of postgres &amp;ndash; they are deploying a single VM with an ubuntu stemcell and the postgres release they create.&lt;/p&gt;

&lt;p&gt;In constructing the postgres release, students should familiarize themselves with the major components of a release: jobs, packages, source, and blobs. Jobs describe the pieces of an application and are created from a monit file, a spec file, and templates.  Packages tell BOSH how to put together binaries and dependencies necessary for a deployment.  They are made up of two components, (1) packaging and pre-packaging scripts and (2) a spec file where dependencies and files that make up a package are listed. Source is where dependencies and files are located, and blobs is the local storage for large binary files.&lt;/p&gt;

&lt;h1 id=&#34;questions&#34;&gt;Questions&lt;/h1&gt;

&lt;p&gt;After completing the lab recap, review the following questions as a class:&lt;/p&gt;

&lt;h2 id=&#34;general-discussion-questions&#34;&gt;General Discussion Questions&lt;/h2&gt;

&lt;p&gt;&lt;strong&gt;Q:&lt;/strong&gt; &lt;em&gt;At the end of this lab, what has been accomplished?&lt;/em&gt;&lt;br&gt;
&lt;strong&gt;A:&lt;/strong&gt; We&amp;rsquo;ve done a BOSH deploy of postgres. Before deploying, we created the packages and jobs associated with the release.&lt;/p&gt;

&lt;h2 id=&#34;questions-from-the-lab&#34;&gt;Questions From the Lab&lt;/h2&gt;

&lt;p&gt;&lt;strong&gt;Q:&lt;/strong&gt; &lt;em&gt;What are the major components of a job?&lt;/em&gt;&lt;br&gt;
&lt;strong&gt;A:&lt;/strong&gt; See list below:&lt;/p&gt;

&lt;ul&gt;
&lt;li&gt;metadata that specifies available configuration options&lt;/li&gt;
&lt;li&gt;ERB configuration files&lt;/li&gt;
&lt;li&gt;a Monit file that describes how to start, stop and monitor processes&lt;/li&gt;
&lt;li&gt;start and stop scripts for each process&lt;/li&gt;
&lt;li&gt;additional hook scripts&lt;/li&gt;
&lt;/ul&gt;

&lt;p&gt;&lt;strong&gt;Q:&lt;/strong&gt; &lt;em&gt;Where are properties defined?&lt;/em&gt;&lt;br&gt;
&lt;strong&gt;A:&lt;/strong&gt; In a properties block of the job spec file.&lt;/p&gt;

&lt;p&gt;&lt;strong&gt;Q:&lt;/strong&gt; &lt;em&gt;There is usually at least one ERB template.  What is it?&lt;/em&gt;&lt;br&gt;
&lt;strong&gt;A:&lt;/strong&gt; A template for a control script. Monit uses it to start or stop processes.&lt;/p&gt;

&lt;p&gt;&lt;strong&gt;Q:&lt;/strong&gt; &lt;em&gt;Name a reason why ERB templates are needed.&lt;/em&gt; &lt;br&gt;
&lt;strong&gt;A:&lt;/strong&gt; To insert properties and conditionally test if properties have been provided. For example, instance-specific information may only be provided when the Director starts the job on a VM.&lt;/p&gt;

&lt;p&gt;&lt;strong&gt;Q:&lt;/strong&gt; &lt;em&gt;How does BOSH manage compile time dependencies? Runtime dependencies?&lt;/em&gt;&lt;br&gt;
&lt;strong&gt;A:&lt;/strong&gt; All dependencies are managed in packages. Compile time dependencies occur when a package depends on another package (for example, Ruby 1.9.3 has a compile-time dependency on libyaml_0.1.4); compile time dependencies are referenced in the &lt;code&gt;dependencies&lt;/code&gt; block of the package spec file. Many releases (like the postgresql release) do not have compile time dependencies.  Runtime dependencies are used in a job.  A run time depndency is a package, and is referenced in the &lt;code&gt;packages&lt;/code&gt; block of the spec file of a release&amp;rsquo;s &lt;code&gt;job&lt;/code&gt;.  In this case, the &lt;code&gt;my-pg-pkg&lt;/code&gt; is a runtime dependency.&lt;/p&gt;

&lt;p&gt;&lt;strong&gt;Q:&lt;/strong&gt; &lt;em&gt;Can binaries be included or just source?&lt;/em&gt;&lt;br&gt;
&lt;strong&gt;A:&lt;/strong&gt; Binaries can be included and referred to in the files block of the spec file. For a final release, these should be uploaded to a blobstore. In our case, because we are only using source code, we have configured the release to look for blobs stored locally (a practice better suited for development).&lt;/p&gt;

&lt;p&gt;&lt;strong&gt;Q:&lt;/strong&gt; &lt;em&gt;How would a different stemcell version be specified for this release?&lt;/em&gt;&lt;br&gt;
&lt;strong&gt;A:&lt;/strong&gt; You would change the release version in the stemcell section of the deployment manifest. You would also need to upload that version to the director prior to deployment.&lt;/p&gt;

&lt;p&gt;&lt;strong&gt;Q:&lt;/strong&gt; &lt;em&gt;Assume you wanted to change the IP address of the job and did a deploy.  Would data be lost?&lt;/em&gt;&lt;br&gt;
&lt;strong&gt;A:&lt;/strong&gt; Data would not be lost because the deployment manifest defines a persistent disk. Data is persisted whether the job instance VM is created or destroyed.&lt;/p&gt;

&lt;h1 id=&#34;troubleshooting&#34;&gt;Troubleshooting&lt;/h1&gt;

&lt;p&gt;Troubleshooting guidance for the lab that instructors need to know.&lt;/p&gt;

&lt;h1 id=&#34;feedback&#34;&gt;Feedback&lt;/h1&gt;

&lt;p&gt;Please keep track of all types of feedback, so that we can make this module great.  That includes questions that students may ask that we should be answering up front, lab corrections/improvements, etc.&lt;/p&gt;

&lt;p&gt;Submit feedback to: &lt;a href=&#34;mailto:pcf-administrator-instructor-feedback@pivotal.io&#34;&gt;pcf-administrator-instructor-feedback@pivotal.io&lt;/a&gt;&lt;/p&gt;
</description>
    </item>
    
  </channel>
</rss>