<?xml version="1.0" encoding="utf-8" standalone="yes" ?>
<rss version="2.0" xmlns:atom="http://www.w3.org/2005/Atom">
  <channel>
    <title>System-log-drainings on Pivotal Cloud Foundry Administrator</title>
    <link>/pivotal-cloud-foundry-administrator/system-log-draining/</link>
    <description>Recent content in System-log-drainings on Pivotal Cloud Foundry Administrator</description>
    <generator>Hugo -- gohugo.io</generator>
    <language>en-us</language>
    <copyright>© Copyright Pivotal. All rights reserved.</copyright>
    <lastBuildDate>Thu, 21 Jul 2016 10:36:33 -0500</lastBuildDate>
    <atom:link href="/pivotal-cloud-foundry-administrator/system-log-draining/index.xml" rel="self" type="application/rss+xml" />
    
    <item>
      <title>System Log Draining</title>
      <link>/pivotal-cloud-foundry-administrator/system-log-draining/</link>
      <pubDate>Thu, 21 Jul 2016 10:36:33 -0500</pubDate>
      
      <guid>/pivotal-cloud-foundry-administrator/system-log-draining/</guid>
      <description>

&lt;p&gt;Estimated time: 60 minutes&lt;/p&gt;

&lt;h1 id=&#34;requirements&#34;&gt;Requirements&lt;/h1&gt;

&lt;p&gt;&lt;a href=&#34;../requirements&#34;&gt;Lab Requirements&lt;/a&gt;&lt;/p&gt;

&lt;h1 id=&#34;what-you-will-learn&#34;&gt;What you will learn&lt;/h1&gt;

&lt;ul&gt;
&lt;li&gt;How to view logs using Ops Manager&lt;/li&gt;
&lt;li&gt;How to forward logs to an external service&lt;/li&gt;
&lt;/ul&gt;

&lt;h1 id=&#34;exercises&#34;&gt;Exercises&lt;/h1&gt;

&lt;h2 id=&#34;view-pivotal-elastic-runtime-status-page&#34;&gt;View Pivotal Elastic Runtime &lt;code&gt;Status&lt;/code&gt; Page&lt;/h2&gt;

&lt;p&gt;1) Browse to the &lt;code&gt;Status&lt;/code&gt; tab of the &lt;code&gt;Pivotal Elastic Runtime&lt;/code&gt; tile in Ops Manager.&lt;/p&gt;

&lt;h3 id=&#34;questions&#34;&gt;Questions&lt;/h3&gt;

&lt;ul&gt;
&lt;li&gt;What information is provided on the &lt;code&gt;Status&lt;/code&gt; page?&lt;/li&gt;
&lt;/ul&gt;

&lt;h2 id=&#34;download-job-logs&#34;&gt;Download Job Logs&lt;/h2&gt;

&lt;p&gt;1) Build a log download for the &lt;code&gt;Router&lt;/code&gt; by clicking on the &lt;code&gt;Logs&lt;/code&gt; icon to the far right.&lt;/p&gt;

&lt;p&gt;&lt;img src=&#34;../resources/images/download-logs.png&#34; alt=&#34;Download Logs&#34; /&gt;&lt;/p&gt;

&lt;p&gt;2) Download the Router logs by clicking on the &lt;code&gt;Logs&lt;/code&gt; tab and clicking the link.&lt;/p&gt;

&lt;p&gt;Extract the files and explore the various logs.&lt;/p&gt;

&lt;p&gt;&lt;img src=&#34;../resources/images/download-logs2.png&#34; alt=&#34;Download Logs&#34; /&gt;&lt;/p&gt;

&lt;h3 id=&#34;questions-1&#34;&gt;Questions&lt;/h3&gt;

&lt;ul&gt;
&lt;li&gt;What do you notice about the router logs, and the access.log in particular?&lt;/li&gt;
&lt;li&gt;What logs are found in the download?  What processes created those logs?&lt;/li&gt;
&lt;li&gt;How does this process compare to how you&amp;rsquo;ve accessed logs in the past?&lt;/li&gt;
&lt;/ul&gt;

&lt;h2 id=&#34;configure-system-log-draining&#34;&gt;Configure System Log Draining&lt;/h2&gt;

&lt;p&gt;1) Review the documentation on &lt;a target=&#34;_blank&#34; href=&#34;http://docs.pivotal.io/pivotalcf/opsguide/logging-config-opsman.html#syslog-forward&#34;&gt;system log forwarding&lt;/a&gt;.&lt;/p&gt;

&lt;p&gt;2) If you don&amp;rsquo;t already have one, sign up for a free &lt;a target=&#34;_blank&#34; href=&#34;https://papertrailapp.com/&#34;&gt;Papertrail account&lt;/a&gt;.&lt;/p&gt;

&lt;p&gt;3) To create a Papertrail system for your Pivotal Cloud Foundry system logs go &lt;a target=&#34;_blank&#34; href=&#34;https://papertrailapp.com/systems/new&#34;&gt;here&lt;/a&gt;.&lt;/p&gt;

&lt;p&gt;4) Select the option &lt;code&gt;I use Cloud Foundry&lt;/code&gt;.&lt;/p&gt;

&lt;p&gt;Name the system &lt;code&gt;pivotal-elastic-runtime-logs&lt;/code&gt;.  Click &lt;code&gt;Save&lt;/code&gt;.&lt;/p&gt;

&lt;p&gt;&lt;img src=&#34;../resources/images/papertrail-cloudfoundry.png&#34; alt=&#34;Papertrail Cloud Foundry&#34; /&gt;&lt;/p&gt;

&lt;p&gt;5) On the subsequent screen, note the port and hostname of your system. &lt;img src=&#34;../resources/images/syslog-papertrail-hostname-port.png&#34; alt=&#34;Papertrail Hostname and Port&#34; /&gt;&lt;/p&gt;

&lt;p&gt;6) Browse to the &lt;code&gt;System Logging&lt;/code&gt; section (under the &lt;code&gt;Settings&lt;/code&gt; tab) of the &lt;code&gt;Pivotal Elastic Runtime&lt;/code&gt; tile in Ops Manager.&lt;/p&gt;

&lt;p&gt;&lt;img src=&#34;../resources/images/system-logging.png&#34; alt=&#34;System Logging&#34; /&gt;&lt;/p&gt;

&lt;p&gt;7) Enter the following values for the specified fields, and accepting defaults for all other fields.  Then click &lt;code&gt;Save&lt;/code&gt;.&lt;/p&gt;

&lt;table&gt;
&lt;thead&gt;
&lt;tr&gt;
&lt;th align=&#34;left&#34;&gt;Field&lt;/th&gt;
&lt;th align=&#34;left&#34;&gt;Value&lt;/th&gt;
&lt;/tr&gt;
&lt;/thead&gt;

&lt;tbody&gt;
&lt;tr&gt;
&lt;td align=&#34;left&#34;&gt;External Syslog Aggregator Hostname&lt;/td&gt;
&lt;td align=&#34;left&#34;&gt;(use the papertrail host - e.g. logs4.papertrailapp.com)&lt;/td&gt;
&lt;/tr&gt;

&lt;tr&gt;
&lt;td align=&#34;left&#34;&gt;External Syslog Aggregator Port&lt;/td&gt;
&lt;td align=&#34;left&#34;&gt;(use the papertrail port) - e.g. 42029&lt;/td&gt;
&lt;/tr&gt;

&lt;tr&gt;
&lt;td align=&#34;left&#34;&gt;External Syslog Aggregator Protocol&lt;/td&gt;
&lt;td align=&#34;left&#34;&gt;TCP protocol&lt;/td&gt;
&lt;/tr&gt;
&lt;/tbody&gt;
&lt;/table&gt;

&lt;h2 id=&#34;disable-errands&#34;&gt;Disable Errands&lt;/h2&gt;

&lt;p&gt;1) Read about &lt;a target=&#34;_blank&#34; href=&#34;https://docs.pivotal.io/partners/lifecycle-errands.html&#34;&gt;BOSH Errands&lt;/a&gt;.&lt;/p&gt;

&lt;p&gt;2) Browse to the &lt;code&gt;Errands&lt;/code&gt; section (under the &lt;code&gt;Settings&lt;/code&gt; tab) of the &lt;code&gt;Pivotal Elastic Runtime&lt;/code&gt; tile in Ops Manager.&lt;/p&gt;

&lt;p&gt;3) De-select &lt;strong&gt;all POST-DEPLOY errand&lt;/strong&gt; checkboxes and &lt;code&gt;Save&lt;/code&gt; the new settings.&lt;/p&gt;

&lt;p&gt;&lt;img src=&#34;../resources/images/uncheck-errands.png&#34; alt=&#34;Errands&#34; /&gt;&lt;/p&gt;

&lt;p&gt;4) Return to the Ops Manager installation dashboard and select the MySQL tile.  Browse to &lt;code&gt;Errands&lt;/code&gt; and de-select &lt;strong&gt;all POST-DEPLOY errand&lt;/strong&gt; checkboxes.  &lt;code&gt;Save&lt;/code&gt; your settings.&lt;/p&gt;

&lt;h3 id=&#34;questions-2&#34;&gt;Questions&lt;/h3&gt;

&lt;ul&gt;
&lt;li&gt;Why disable post-deploy errands prior to updating your PCF installation?&lt;/li&gt;
&lt;/ul&gt;

&lt;h2 id=&#34;deploy&#34;&gt;Deploy&lt;/h2&gt;

&lt;p&gt;1) Return to the Ops Manager main dashboard and select &lt;code&gt;Apply Changes&lt;/code&gt;.&lt;/p&gt;

&lt;p&gt;This will update the Pivotal Elastic Runtime, a process that will take about 30 minutes.&lt;/p&gt;

&lt;p&gt;2) Once the installation is complete, return to your Papertrail dashboard and choose the &lt;code&gt;pivotal-elastic-runtime-logs&lt;/code&gt; system. You should see all the logs from the Pivotal Elastic Runtime.&lt;/p&gt;

&lt;p&gt;&lt;img src=&#34;../resources/images/papertrail-success.png&#34; alt=&#34;Papertrail&#34; /&gt;&lt;/p&gt;

&lt;p&gt;3) Search for the Cloud Controller logs.  Use the search term &amp;ldquo;vcap.cloud_controller_ng&amp;rdquo;.  Explore.&lt;/p&gt;

&lt;h3 id=&#34;questions-3&#34;&gt;Questions:&lt;/h3&gt;

&lt;ul&gt;
&lt;li&gt;How does the above method of log management differ from what you are doing today?&lt;/li&gt;
&lt;li&gt;What logs are not included when using system log forwarding?&lt;/li&gt;
&lt;li&gt;Why is it important to send logs to an external service like Papertrail?&lt;/li&gt;
&lt;/ul&gt;
</description>
    </item>
    
    <item>
      <title>System Log Draining Instructor Notes</title>
      <link>/pivotal-cloud-foundry-administrator/system-log-draining/notes/</link>
      <pubDate>Wed, 20 Jul 2016 09:18:50 -0500</pubDate>
      
      <guid>/pivotal-cloud-foundry-administrator/system-log-draining/notes/</guid>
      <description>

&lt;h1 id=&#34;what-students-should-know&#34;&gt;What students should know&lt;/h1&gt;

&lt;p&gt;At the end of this lab, students should know how to find and download component logs from their Ops Manager dashboard, along with gaining familiarity with those logs.  They should also know how to forward system logs to an external service.&lt;/p&gt;

&lt;h1 id=&#34;questions&#34;&gt;Questions&lt;/h1&gt;

&lt;p&gt;After completing the lab recap, review the following questions as a class:&lt;/p&gt;

&lt;h2 id=&#34;general-discussion-questions&#34;&gt;General Discussion Questions&lt;/h2&gt;

&lt;p&gt;&lt;strong&gt;Q:&lt;/strong&gt; &lt;em&gt;Why is it important to send logs to an external service like Papertrail?&lt;/em&gt;
&lt;strong&gt;A:&lt;/strong&gt; Logs downloadable from Ops Manager will roll over (Ops Manager does not store logs forever). Sending logs to an external services persists those logs.&lt;/p&gt;

&lt;p&gt;&lt;strong&gt;Q:&lt;/strong&gt; __&lt;br&gt;
&lt;strong&gt;A:&lt;/strong&gt;&lt;/p&gt;

&lt;h2 id=&#34;questions-from-the-lab&#34;&gt;Questions From the Lab&lt;/h2&gt;

&lt;p&gt;&lt;strong&gt;Q:&lt;/strong&gt; &lt;em&gt;What information is provided on the &lt;code&gt;Status&lt;/code&gt; page?&lt;/em&gt;&lt;br&gt;
&lt;strong&gt;A:&lt;/strong&gt; The status page displays each elastic runtime component, its IP address, the unique identifier of the VM on which it is deployed, and various metrics associated with that VM.  Those metrics include CPU usage, memory, and disk (ephemeral, persistent). There is also a link to download component logs.&lt;/p&gt;

&lt;p&gt;&lt;strong&gt;Q:&lt;/strong&gt; &lt;em&gt;What do you notice about the router logs, and the access.log in particular?&lt;/em&gt;&lt;br&gt;
&lt;strong&gt;A:&lt;/strong&gt;  The access.log records router requests. By far the largest number of requests are to the app_id api.run-[NN].haas-66.pez.pivotal.io , but other requests are made to proxy-0-p-mysql.run-[NN].haas-66.pez.pivotal.io.  The access.log displays the time of the request; the request endpoint, type, and status; and the request duration.&lt;/p&gt;

&lt;p&gt;&lt;strong&gt;Q:&lt;/strong&gt; &lt;em&gt;What logs are found in the download?  What processes created those logs?&lt;/em&gt;&lt;br&gt;
&lt;strong&gt;A:&lt;/strong&gt; The logs are divided into job logs and agent logs. Within the job logs download, there are logs associated with the metron agent and the go router (which contains the access.log files).&lt;/p&gt;

&lt;p&gt;The logs from the individual component, and are associated with various events on the component.&lt;/p&gt;

&lt;p&gt;&lt;strong&gt;Q:&lt;/strong&gt; &lt;em&gt;How does this process compare to how you&amp;rsquo;ve accessed logs in the past?&lt;/em&gt; &lt;br&gt;&lt;/p&gt;

&lt;p&gt;&lt;strong&gt;Q:&lt;/strong&gt; &lt;em&gt;Why disable errands prior to updating your PCF installation?&lt;/em&gt;&lt;br&gt;
&lt;strong&gt;A:&lt;/strong&gt; (This question should facilitate further discussion). Many errands only need to be run once.  For the purposes of this class, unchecking pre-deploy errands will speed up the update process significantly. In production environments, requirements and best practices will vary.&lt;/p&gt;

&lt;p&gt;&lt;strong&gt;Q:&lt;/strong&gt; &lt;em&gt;How does the above method log draining to papertrail differ from what you are doing today?&lt;/em&gt;&lt;br&gt;&lt;/p&gt;

&lt;p&gt;&lt;strong&gt;Q:&lt;/strong&gt; &lt;em&gt;What logs are not included when using system log forwarding?&lt;/em&gt;&lt;br&gt;
&lt;strong&gt;A:&lt;/strong&gt; Logs to papertrail include component (&amp;ldquo;job&amp;rdquo;) logs, but they do not have the logs from the bosh agent.&lt;/p&gt;

&lt;h1 id=&#34;troubleshooting&#34;&gt;Troubleshooting&lt;/h1&gt;

&lt;p&gt;Troubleshooting guidance for the lab that instructors need to know.&lt;/p&gt;

&lt;p&gt;Finding the option to configure Papertrail to accept Cloud Foundry system logs is very difficult without the in-lab link.  If students can&amp;rsquo;t find it, recommend again that they follow the link in the lab, &lt;a target=&#34;_blank&#34; href=&#34;https://papertrailapp.com/systems/new&#34;&gt;here&lt;/a&gt;.&lt;/p&gt;

&lt;h1 id=&#34;feedback&#34;&gt;Feedback&lt;/h1&gt;

&lt;p&gt;Please keep track of all types of feedback, so that we can make this module great.  That includes questions that students may ask that we should be answering up front, lab corrections/improvements, etc.&lt;/p&gt;

&lt;p&gt;Submit feedback to: &lt;a href=&#34;mailto:pcf-administrator-instructor-feedback@pivotal.io&#34;&gt;pcf-administrator-instructor-feedback@pivotal.io&lt;/a&gt;&lt;/p&gt;
</description>
    </item>
    
  </channel>
</rss>