<?xml version="1.0" encoding="utf-8" standalone="yes" ?>
<rss version="2.0" xmlns:atom="http://www.w3.org/2005/Atom">
  <channel>
    <title>Approach-and-methodologies on Pivotal Cloud Foundry Administrator</title>
    <link>/pivotal-cloud-foundry-administrator/approach-and-methodology/</link>
    <description>Recent content in Approach-and-methodologies on Pivotal Cloud Foundry Administrator</description>
    <generator>Hugo -- gohugo.io</generator>
    <language>en-us</language>
    <copyright>© Copyright Pivotal. All rights reserved.</copyright>
    <lastBuildDate>Tue, 19 Jul 2016 15:46:59 -0500</lastBuildDate>
    <atom:link href="/pivotal-cloud-foundry-administrator/approach-and-methodology/index.xml" rel="self" type="application/rss+xml" />
    
    <item>
      <title>Approach and Methodology</title>
      <link>/pivotal-cloud-foundry-administrator/approach-and-methodology/</link>
      <pubDate>Tue, 19 Jul 2016 15:46:59 -0500</pubDate>
      
      <guid>/pivotal-cloud-foundry-administrator/approach-and-methodology/</guid>
      <description>

&lt;h2 id=&#34;approach&#34;&gt;Approach&lt;/h2&gt;

&lt;p&gt;After completing this course, you will be prepared to administer a Pivotal Cloud Foundry instance.&lt;/p&gt;

&lt;p&gt;This course is designed to challenge you and to make you learn by doing. For this reason, the course is approximately &lt;sup&gt;1&lt;/sup&gt;&amp;frasl;&lt;sub&gt;3&lt;/sub&gt; slides and &lt;sup&gt;2&lt;/sup&gt;&amp;frasl;&lt;sub&gt;3&lt;/sub&gt; labs.&lt;/p&gt;

&lt;p&gt;The course makes extensive use of the official product documentation to supplement your learning. Pivotal Cloud Foundry (PCF) is a fast moving project, and it is imperative that you learn where to go for help. The expectation is that you read documentation to complete the labs and answer questions supplied in the labs.&lt;/p&gt;

&lt;h2 id=&#34;methodology&#34;&gt;Methodology&lt;/h2&gt;

&lt;p&gt;Each module will move from a presentation (if applicable) to a lab, and be followed by a recap.&lt;/p&gt;

&lt;p&gt;During the presentations you will learn about high-level concepts, then move into a lab where you will get hands-on experience with those concepts. Some modules will not have an accompanying presentation.&lt;/p&gt;

&lt;p&gt;The recap will go over what you have done, clarifying how the practical lab reinforces high-level concepts and answering questions that have been asked in the lab.  You should be prepared to discuss these questions with the class when the lab is complete.&lt;/p&gt;

&lt;h2 id=&#34;long-wait-times&#34;&gt;Long Wait Times&lt;/h2&gt;

&lt;p&gt;Various lab exercises in this course (e.g. installing multiple tiles) can take a while (some labs have wait times of up to 45 minutes).  Be prepared to use those periods to review the documentation or to further your understanding.&lt;/p&gt;

&lt;h2 id=&#34;environments&#34;&gt;Environments&lt;/h2&gt;

&lt;p&gt;During the course, you will perform labs in 2 different environments.  For the first labs, you will use an instructor-supplied PCF foundation that you will share with other students.  In the second, you will work with a partner and install PCF using your own vSphere resource pool.&lt;/p&gt;

&lt;h3 id=&#34;environment-specific-variables&#34;&gt;Environment Specific Variables&lt;/h3&gt;

&lt;p&gt;Throughout these labs, you will need to configure multiple systems with variables specific to the environment you are using.  Your instructor has supplied a spreadsheet where you will find all of these variables.  Familiarize yourself with the sheet, particularly your passwords (ENV_PASSWORD), your environment number (NN), and your environment specific IP variable (envSpecific octet).  Because of the frequency with which you will need to refer to these variables, we recommend opening the sheet in a browser tab and leaving it open for the duration of the course.&lt;/p&gt;
</description>
    </item>
    
  </channel>
</rss>