<?xml version="1.0" encoding="utf-8" standalone="yes" ?>
<rss version="2.0" xmlns:atom="http://www.w3.org/2005/Atom">
  <channel>
    <title>Upgrading-elastic-runtimes on Pivotal Cloud Foundry Administrator</title>
    <link>/pivotal-cloud-foundry-administrator/upgrading-elastic-runtime/</link>
    <description>Recent content in Upgrading-elastic-runtimes on Pivotal Cloud Foundry Administrator</description>
    <generator>Hugo -- gohugo.io</generator>
    <language>en-us</language>
    <copyright>© Copyright Pivotal. All rights reserved.</copyright>
    <lastBuildDate>Thu, 21 Jul 2016 11:09:18 -0500</lastBuildDate>
    <atom:link href="/pivotal-cloud-foundry-administrator/upgrading-elastic-runtime/index.xml" rel="self" type="application/rss+xml" />
    
    <item>
      <title>Upgrading the Elastic Runtime</title>
      <link>/pivotal-cloud-foundry-administrator/upgrading-elastic-runtime/</link>
      <pubDate>Thu, 21 Jul 2016 11:09:18 -0500</pubDate>
      
      <guid>/pivotal-cloud-foundry-administrator/upgrading-elastic-runtime/</guid>
      <description>

&lt;p&gt;Estimated time: 60 minutes&lt;/p&gt;

&lt;h1 id=&#34;requirements&#34;&gt;Requirements&lt;/h1&gt;

&lt;p&gt;&lt;a href=&#34;../requirements&#34;&gt;Lab Requirements&lt;/a&gt;&lt;/p&gt;

&lt;h1 id=&#34;what-you-will-learn&#34;&gt;What you will learn&lt;/h1&gt;

&lt;ul&gt;
&lt;li&gt;How to upgrade the Elastic Runtime&lt;/li&gt;
&lt;li&gt;How to upgrade MySQL&lt;/li&gt;
&lt;/ul&gt;

&lt;h1 id=&#34;exercises&#34;&gt;Exercises&lt;/h1&gt;

&lt;h2 id=&#34;review-pivotal-elastic-runtime-upgrade-procedure&#34;&gt;Review Pivotal Elastic Runtime Upgrade Procedure&lt;/h2&gt;

&lt;p&gt;1) &lt;a target=&#34;_blank&#34; href=&#34;http://docs.pivotal.io/pivotalcf/customizing/upgrading-products.html&#34;/&gt;Review the upgrade documentation for adding products&lt;/a&gt;.  Also review the MySQL &lt;a target=&#34;_blank&#34; href=&#34;http://docs.pivotal.io/p-mysql/index.html&#34;/&gt;upgrade documentation&lt;/a&gt;.  This lab will walk you through the key parts but you should review all the steps in the documentation.&lt;/p&gt;

&lt;h3 id=&#34;questions&#34;&gt;Questions&lt;/h3&gt;

&lt;ul&gt;
&lt;li&gt;What Ops Manager Director value may need to be increased prior to an upgrade?&lt;/li&gt;
&lt;/ul&gt;

&lt;h2 id=&#34;confirm-the-new-tile-version-is-compatible-with-ops-manager&#34;&gt;Confirm the new Tile version is Compatible with Ops Manager&lt;/h2&gt;

&lt;p&gt;1) Confirm that each product to be installed product (Elastic Runtime, JMX Bridge, and MySQL) is compatible with the new version of Ops Manager with the &lt;a target=&#34;_blank&#34; href=&#34;http://docs.pivotal.io/compatibility-matrix.pdf&#34;/&gt;product version matrix&lt;/a&gt;.&lt;/p&gt;

&lt;h2 id=&#34;check-system-health&#34;&gt;Check System Health&lt;/h2&gt;

&lt;p&gt;1) Confirm health of all deployments with BOSH.&lt;/p&gt;

&lt;p&gt;&lt;code&gt;ssh&lt;/code&gt; to &lt;code&gt;opsmgr-[NN].haas-66.pez.pivotal.io&lt;/code&gt;.&lt;/p&gt;

&lt;pre&gt;&lt;code&gt;$ bosh vms
&lt;/code&gt;&lt;/pre&gt;

&lt;p&gt;2) Confirm health by inspecting the &lt;code&gt;Status&lt;/code&gt; tab of all installed tiles in Ops Manager.&lt;/p&gt;

&lt;h2 id=&#34;upload-new-tile-versions&#34;&gt;Upload New Tile Versions&lt;/h2&gt;

&lt;p&gt;1) Upload to Ops Manager the &lt;strong&gt;latest&lt;/strong&gt; version of the Pivotal Elastic Runtime tile (&lt;code&gt;*.pivotal&lt;/code&gt;) in the &lt;code&gt;student-files&lt;/code&gt; folder located on the Desktop of the Window Jumpbox (Remote Desktop).&lt;/p&gt;

&lt;p&gt;2) Upload to Ops Manager the &lt;strong&gt;latest&lt;/strong&gt; version of the MySQL tile (&lt;code&gt;*.pivotal&lt;/code&gt;) in the &lt;code&gt;student-files&lt;/code&gt; folder located on the Desktop of the Window Jumpbox (Remote Desktop).&lt;/p&gt;

&lt;h2 id=&#34;deploy&#34;&gt;Deploy&lt;/h2&gt;

&lt;p&gt;1) In Ops Manager, add the new tile versions for the Pivotal Elastic Runtime and MySQL by selecting &lt;code&gt;upgrade&lt;/code&gt; (will appear on mouseover of the new product).&lt;/p&gt;

&lt;p&gt;2) Enable all &lt;code&gt;Errands&lt;/code&gt; for the Pivotal Elastic Runtime and MySQL.&lt;/p&gt;

&lt;p&gt;3) Go back to the PCF Ops Manager Installation Dashboard and click &amp;ldquo;Apply changes&amp;rdquo; on the right side of the screen.&lt;/p&gt;

&lt;p&gt;&lt;img src=&#34;../resources/images/apply-changes.png&#34; alt=&#34;Apply Changes&#34; /&gt;&lt;/p&gt;

&lt;h2 id=&#34;validate-changes&#34;&gt;Validate Changes&lt;/h2&gt;

&lt;p&gt;1) Confirm that &lt;code&gt;articulate&lt;/code&gt; is running and data (attendees) is still present after the upgrade.&lt;/p&gt;

&lt;p&gt;&lt;strong&gt;&lt;em&gt;Congratulations!&lt;/em&gt;&lt;/strong&gt; You upgraded the Pivotal Elastic Runtime and MySQL.&lt;/p&gt;
</description>
    </item>
    
    <item>
      <title>Upgrading Elastic Runtime Instructor Notes</title>
      <link>/pivotal-cloud-foundry-administrator/upgrading-elastic-runtime/notes/</link>
      <pubDate>Wed, 20 Jul 2016 09:18:50 -0500</pubDate>
      
      <guid>/pivotal-cloud-foundry-administrator/upgrading-elastic-runtime/notes/</guid>
      <description>

&lt;h1 id=&#34;what-students-should-know&#34;&gt;What students should know&lt;/h1&gt;

&lt;p&gt;Students should know how to upgrade their elastic runtime and tiles.&lt;/p&gt;

&lt;h1 id=&#34;questions-from-the-lab&#34;&gt;Questions From the Lab&lt;/h1&gt;

&lt;p&gt;After completing the lab recap, review the following questions as a class:&lt;/p&gt;

&lt;p&gt;&lt;strong&gt;Q:&lt;/strong&gt; &lt;em&gt;What Ops Manager Director value may need to be increased prior to an upgrade?&lt;/em&gt;&lt;br&gt;
&lt;strong&gt;A:&lt;/strong&gt; The persistent disk. If usage is above 50%, it may need to be increased. Increasing to at least 100 GB is recommended.&lt;/p&gt;

&lt;h1 id=&#34;troubleshooting&#34;&gt;Troubleshooting&lt;/h1&gt;

&lt;p&gt;Troubleshooting guidance for the lab that instructors need to know.&lt;/p&gt;

&lt;p&gt;Finding the option to configure Papertrail to accept Cloud Foundry system logs is very difficult without the in-lab link.  If students can&amp;rsquo;t find it, recommend again that they follow the link in the lab, &lt;a target=&#34;_blank&#34; href=&#34;https://papertrailapp.com/systems/new&#34;&gt;here&lt;/a&gt;.&lt;/p&gt;

&lt;h1 id=&#34;feedback&#34;&gt;Feedback&lt;/h1&gt;

&lt;p&gt;Please keep track of all types of feedback, so that we can make this module great.  That includes questions that students may ask that we should be answering up front, lab corrections/improvements, etc.&lt;/p&gt;

&lt;p&gt;Submit feedback to: &lt;a href=&#34;mailto:pcf-administrator-instructor-feedback@pivotal.io&#34;&gt;pcf-administrator-instructor-feedback@pivotal.io&lt;/a&gt;&lt;/p&gt;
</description>
    </item>
    
  </channel>
</rss>