<?xml version="1.0" encoding="utf-8" standalone="yes" ?>
<rss version="2.0" xmlns:atom="http://www.w3.org/2005/Atom">
  <channel>
    <title>Application-security-groups on Pivotal Cloud Foundry Administrator</title>
    <link>/pivotal-cloud-foundry-administrator/application-security-group/</link>
    <description>Recent content in Application-security-groups on Pivotal Cloud Foundry Administrator</description>
    <generator>Hugo -- gohugo.io</generator>
    <language>en-us</language>
    <copyright>© Copyright Pivotal. All rights reserved.</copyright>
    <lastBuildDate>Mon, 07 Mar 2016 15:49:50 -0600</lastBuildDate>
    <atom:link href="/pivotal-cloud-foundry-administrator/application-security-group/index.xml" rel="self" type="application/rss+xml" />
    
    <item>
      <title>Application Security Groups</title>
      <link>/pivotal-cloud-foundry-administrator/application-security-group/</link>
      <pubDate>Mon, 07 Mar 2016 15:49:50 -0600</pubDate>
      
      <guid>/pivotal-cloud-foundry-administrator/application-security-group/</guid>
      <description>

&lt;p&gt;Estimated Time: 25 minutes&lt;/p&gt;

&lt;h1 id=&#34;requirements&#34;&gt;Requirements&lt;/h1&gt;

&lt;p&gt;&lt;a href=&#34;../requirements&#34;&gt;Lab Requirements&lt;/a&gt;&lt;/p&gt;

&lt;h1 id=&#34;what-you-will-learn&#34;&gt;What you will learn&lt;/h1&gt;

&lt;ul&gt;
&lt;li&gt;How to manage application security groups&lt;/li&gt;
&lt;li&gt;How security group rules can impact your application&lt;/li&gt;
&lt;/ul&gt;

&lt;h1 id=&#34;exercises&#34;&gt;Exercises&lt;/h1&gt;

&lt;h2 id=&#34;review-application-security-groups&#34;&gt;Review Application Security Groups&lt;/h2&gt;

&lt;p&gt;1) Review the &lt;a href=http://docs.pivotal.io/pivotalcf/adminguide/app-sec-groups.html target=&#34;_blank&#34;&gt;documentation on application security groups&lt;/a&gt;.&lt;/p&gt;

&lt;p&gt;2) List the security groups in your environment.&lt;/p&gt;

&lt;p&gt;&lt;strong&gt;&lt;em&gt;NOTE:&lt;/em&gt;&lt;/strong&gt; &lt;code&gt;admin&lt;/code&gt; access is not required.  The command will list running and bound space security groups (spaces that you have access to).&lt;/p&gt;

&lt;pre&gt;&lt;code&gt;$ cf security-groups
&lt;/code&gt;&lt;/pre&gt;

&lt;p&gt;3) Pivotal Cloud Foundry ships with an open security group by default (&lt;code&gt;default_security_group&lt;/code&gt;).  View this security group.&lt;/p&gt;

&lt;p&gt;&lt;strong&gt;&lt;em&gt;NOTE:&lt;/em&gt;&lt;/strong&gt; &lt;code&gt;admin&lt;/code&gt; access is not required.&lt;/p&gt;

&lt;pre&gt;&lt;code&gt;$ cf security-group default_security_group
&lt;/code&gt;&lt;/pre&gt;

&lt;p&gt;4) Login as &lt;code&gt;admin&lt;/code&gt; using the password obtained from the Elastic Runtime credentials tab, &lt;code&gt;UAA&lt;/code&gt; → &lt;code&gt;Admin Credentials&lt;/code&gt;&lt;/p&gt;

&lt;p&gt;(The remaining steps in the lab must be done with the &lt;code&gt;admin&lt;/code&gt; account).&lt;/p&gt;

&lt;p&gt;5) Review the security groups as &lt;code&gt;admin&lt;/code&gt;.&lt;/p&gt;

&lt;p&gt;&lt;strong&gt;&lt;em&gt;NOTE:&lt;/em&gt;&lt;/strong&gt; when logged in as &lt;code&gt;admin&lt;/code&gt; &lt;code&gt;cf security-groups&lt;/code&gt; lists all security groups (bound or not).  Additional commands are used to discover running and staging security groups.&lt;/p&gt;

&lt;pre&gt;&lt;code&gt;$ cf security-groups
$ cf staging-security-groups
$ cf running-security-groups
&lt;/code&gt;&lt;/pre&gt;

&lt;h2 id=&#34;lock-down-all-egress-traffic-for-running-applications&#34;&gt;Lock Down All Egress Traffic For Running Applications&lt;/h2&gt;

&lt;p&gt;1) Unbind the &lt;code&gt;default_security_group&lt;/code&gt; security group for running applications.&lt;/p&gt;

&lt;pre&gt;&lt;code&gt;$ cf unbind-running-security-group default_security_group
&lt;/code&gt;&lt;/pre&gt;

&lt;p&gt;&lt;strong&gt;&lt;em&gt;What Just Happened?&lt;/em&gt;&lt;/strong&gt;&lt;/p&gt;

&lt;p&gt;You just locked down all outbound traffic for running applications.  We will demonstrate that next.&lt;/p&gt;

&lt;p&gt;2) Normally, &lt;code&gt;attendee-service&lt;/code&gt; communicates with your MySQL service.  Tail the &lt;code&gt;attendee-service&lt;/code&gt; logs to see what has happened to this communication.&lt;/p&gt;

&lt;pre&gt;&lt;code&gt;$ cf logs attendee-service | grep mysql
&lt;/code&gt;&lt;/pre&gt;

&lt;p&gt;3) Open another terminal.  Restart &lt;code&gt;attendee-service&lt;/code&gt; while tailing the logs.&lt;/p&gt;

&lt;pre&gt;&lt;code&gt;$ cf restart attendee-service
&lt;/code&gt;&lt;/pre&gt;

&lt;p&gt;4) Review the logs of communication with MySQL.  Note that the &lt;code&gt;attendee-service&lt;/code&gt; application wasn&amp;rsquo;t able to connect to the database.&lt;/p&gt;

&lt;p&gt;5) See this in practice.  Navigate to the articulate application &lt;code&gt;Services&lt;/code&gt; page.  Are there any attendees listed?  Try to add an attendee.  What happens?&lt;/p&gt;

&lt;h2 id=&#34;create-a-security-group-allowing-egress-traffic-to-mysql&#34;&gt;Create a Security Group Allowing Egress Traffic to MySQL&lt;/h2&gt;

&lt;p&gt;1) Use the &lt;code&gt;json&lt;/code&gt; displayed in the documenation as a model for creating a &lt;a href=http://docs.pivotal.io/pivotalcf/adminguide/app-sec-groups.html#creating-groups target=&#34;_blank&#34;&gt;security group rules file&lt;/a&gt; to allow egress traffic to MySQL.  Name this file &lt;code&gt;asg.json&lt;/code&gt;.&lt;/p&gt;

&lt;p&gt;2) In your security group rules file, set values for &lt;code&gt;protocol&lt;/code&gt;, &lt;code&gt;ip&lt;/code&gt;, and &lt;code&gt;port&lt;/code&gt;.  &lt;code&gt;protocol&lt;/code&gt; will be &lt;code&gt;TCP&lt;/code&gt;; you can find the values for &lt;code&gt;ip&lt;/code&gt; and &lt;code&gt;port&lt;/code&gt; by examining the &lt;code&gt;attendee-service&lt;/code&gt; env.&lt;/p&gt;

&lt;pre&gt;&lt;code&gt;$ cf env attendee-service
&lt;/code&gt;&lt;/pre&gt;

&lt;p&gt;2) Create the security group in Pivotal Cloud Foundry.&lt;/p&gt;

&lt;p&gt;Use the naming convention of: &lt;code&gt;mysql-&amp;lt;insert initials here&amp;gt;&lt;/code&gt;&lt;/p&gt;

&lt;p&gt;For example:&lt;/p&gt;

&lt;pre&gt;&lt;code&gt;$ cf create-security-group mysql-dnr ./asg.json
&lt;/code&gt;&lt;/pre&gt;

&lt;p&gt;3) Bind the security group at the &lt;strong&gt;space&lt;/strong&gt; level where the &lt;code&gt;attendee-service&lt;/code&gt; is running.&lt;/p&gt;

&lt;p&gt;For example:&lt;/p&gt;

&lt;pre&gt;&lt;code&gt;$ cf bind-security-group mysql-dnr dnr-org dev
&lt;/code&gt;&lt;/pre&gt;

&lt;p&gt;4) Continue to tail the &lt;code&gt;attendee-service&lt;/code&gt; logs.  Clear the screen if necessary.&lt;/p&gt;

&lt;pre&gt;&lt;code&gt;$ cf logs attendee-service | grep mysql
&lt;/code&gt;&lt;/pre&gt;

&lt;p&gt;5) In another terminal.  Restart &lt;code&gt;attendee-service&lt;/code&gt; while tailing the logs.&lt;/p&gt;

&lt;pre&gt;&lt;code&gt;$ cf restart attendee-service
&lt;/code&gt;&lt;/pre&gt;

&lt;p&gt;6) Review the logs.  The &lt;code&gt;attendee-service&lt;/code&gt; application was able to connect to the database.&lt;/p&gt;

&lt;p&gt;7) See it in practice.  Refresh the articulate &lt;code&gt;Services&lt;/code&gt; page in your browser.  What happened?&lt;/p&gt;

&lt;p&gt;&lt;strong&gt;Congratulations!&lt;/strong&gt;  You have opened up connectivity to just MySQL!&lt;/p&gt;

&lt;h2 id=&#34;clean-up&#34;&gt;Clean up&lt;/h2&gt;

&lt;p&gt;1) Bind the &lt;code&gt;default_security_group&lt;/code&gt; security group for running applications.&lt;/p&gt;

&lt;pre&gt;&lt;code&gt;$ cf bind-running-security-group default_security_group
&lt;/code&gt;&lt;/pre&gt;

&lt;p&gt;&lt;strong&gt;&lt;em&gt;WARNING:&lt;/em&gt;&lt;/strong&gt; this step is necessary so the remaining labs will not be impacted by a locked down environment.&lt;/p&gt;

&lt;h2 id=&#34;questions&#34;&gt;Questions&lt;/h2&gt;

&lt;ul&gt;
&lt;li&gt;Do application security groups use a whitelist or blacklist approach to firewall rules?&lt;/li&gt;
&lt;li&gt;What are some reasons why security groups could be used?&lt;/li&gt;
&lt;/ul&gt;
</description>
    </item>
    
    <item>
      <title>Instructor Notes</title>
      <link>/pivotal-cloud-foundry-administrator/application-security-group/notes/</link>
      <pubDate>Mon, 07 Mar 2016 15:49:50 -0600</pubDate>
      
      <guid>/pivotal-cloud-foundry-administrator/application-security-group/notes/</guid>
      <description>

&lt;h1 id=&#34;questions&#34;&gt;Questions&lt;/h1&gt;

&lt;p&gt;After completing the lab recap as a class the following questions:&lt;/p&gt;

&lt;h2 id=&#34;general-discussion-questions&#34;&gt;General Discussion Questions&lt;/h2&gt;

&lt;p&gt;&lt;strong&gt;Q:&lt;/strong&gt; &lt;em&gt;As a developer, what &lt;code&gt;cf&lt;/code&gt; commands can be used to investigate/understand security groups?&lt;/em&gt;&lt;br&gt;
&lt;strong&gt;A:&lt;/strong&gt; &lt;code&gt;cf security-groups&lt;/code&gt;, &lt;code&gt;cf security-group&lt;/code&gt;&lt;/p&gt;

&lt;h2 id=&#34;questions-from-the-lab&#34;&gt;Questions From the Lab&lt;/h2&gt;

&lt;p&gt;&lt;strong&gt;Q:&lt;/strong&gt; &lt;em&gt;Do application security groups use a whitelist or blacklist approach to firewall rules?&lt;/em&gt;&lt;br&gt;
&lt;strong&gt;A:&lt;/strong&gt; Whitelist.&lt;/p&gt;

&lt;p&gt;&lt;strong&gt;Q:&lt;/strong&gt; &lt;em&gt;What are some reasons why security groups could be used?&lt;/em&gt;&lt;br&gt;
&lt;strong&gt;A:&lt;/strong&gt; Open discussion&amp;hellip;Protection against typically trusted sources (employees) doing bad things, limiting risk by only exposing what you should have access to, forcing apps to use a given API rather than accessing the data directly.&lt;/p&gt;

&lt;h1 id=&#34;troubleshooting&#34;&gt;Troubleshooting&lt;/h1&gt;

&lt;p&gt;Troubleshooting guidance for the lab that instructors need to know.&lt;/p&gt;

&lt;h1 id=&#34;feedback&#34;&gt;Feedback&lt;/h1&gt;

&lt;p&gt;Please keep track of all types of feedback, so that we can make this module great.  That includes questions that students may ask that we should be answering up front, lab corrections/improvements, etc.&lt;/p&gt;

&lt;p&gt;Submit feedback to: &lt;a href=&#34;mailto:pcf-administrator-instructor-feedback@pivotal.io&#34;&gt;pcf-administrator-instructor-feedback@pivotal.io&lt;/a&gt;&lt;/p&gt;
</description>
    </item>
    
  </channel>
</rss>