<?xml version="1.0" encoding="utf-8" standalone="yes" ?>
<rss version="2.0" xmlns:atom="http://www.w3.org/2005/Atom">
  <channel>
    <title>Deploy-boshes on Pivotal Cloud Foundry Administrator</title>
    <link>/pivotal-cloud-foundry-administrator/deploy-bosh/</link>
    <description>Recent content in Deploy-boshes on Pivotal Cloud Foundry Administrator</description>
    <generator>Hugo -- gohugo.io</generator>
    <language>en-us</language>
    <copyright>© Copyright Pivotal. All rights reserved.</copyright>
    <lastBuildDate>Wed, 20 Jul 2016 15:33:01 -0500</lastBuildDate>
    <atom:link href="/pivotal-cloud-foundry-administrator/deploy-bosh/index.xml" rel="self" type="application/rss+xml" />
    
    <item>
      <title>Deploy BOSH</title>
      <link>/pivotal-cloud-foundry-administrator/deploy-bosh/</link>
      <pubDate>Wed, 20 Jul 2016 15:33:01 -0500</pubDate>
      
      <guid>/pivotal-cloud-foundry-administrator/deploy-bosh/</guid>
      <description>

&lt;p&gt;Estimated time: 60 minutes&lt;/p&gt;

&lt;h1 id=&#34;requirements&#34;&gt;Requirements&lt;/h1&gt;

&lt;p&gt;&lt;a href=&#34;../requirements&#34;&gt;Lab Requirements&lt;/a&gt;&lt;/p&gt;

&lt;h1 id=&#34;what-you-will-learn&#34;&gt;What you will learn&lt;/h1&gt;

&lt;ul&gt;
&lt;li&gt;How to install &lt;code&gt;bosh-init&lt;/code&gt;&lt;/li&gt;
&lt;li&gt;How to deploy BOSH&lt;/li&gt;
&lt;li&gt;How to install the BOSH CLI&lt;/li&gt;
&lt;/ul&gt;

&lt;h1 id=&#34;exercises&#34;&gt;Exercises&lt;/h1&gt;

&lt;h2 id=&#34;install-bosh-init&#34;&gt;Install &lt;code&gt;bosh-init&lt;/code&gt;&lt;/h2&gt;

&lt;p&gt;1) Review the &lt;code&gt;bosh-init&lt;/code&gt; &lt;a target=&#34;_blank&#34; href=&#34;https://bosh.io/docs/install-bosh-init.html&#34;&gt;installation documentation&lt;/a&gt;.&lt;/p&gt;

&lt;p&gt;2) ssh to the &lt;strong&gt;Ubuntu Jumpbox&lt;/strong&gt;.&lt;/p&gt;

&lt;p&gt;Use Remote Desktop to start a &lt;code&gt;PuTTY&lt;/code&gt; session.&lt;/p&gt;

&lt;p&gt;Host: &lt;code&gt;10.193.[envSpecific octet].5&lt;/code&gt;&lt;br&gt;
User: &lt;code&gt;pivotal&lt;/code&gt;&lt;br&gt;
Password: [ENVIRONMENT_PASSWORD]&lt;br&gt;&lt;/p&gt;

&lt;p&gt;3) Install dependencies.&lt;/p&gt;

&lt;pre&gt;&lt;code&gt;$ sudo apt-get install -y build-essential zlibc zlib1g-dev ruby ruby-dev openssl libxslt-dev libxml2-dev libssl-dev libreadline6 libreadline6-dev libyaml-dev libsqlite3-dev sqlite3
&lt;/code&gt;&lt;/pre&gt;

&lt;p&gt;4) Download &lt;code&gt;bosh-init&lt;/code&gt;&lt;/p&gt;

&lt;pre&gt;&lt;code&gt;$ curl -o bosh-init https://s3.amazonaws.com/bosh-init-artifacts/bosh-init-0.0.96-linux-amd64
&lt;/code&gt;&lt;/pre&gt;

&lt;p&gt;5) Add execute permissions.&lt;/p&gt;

&lt;pre&gt;&lt;code&gt;$ chmod +x bosh-init
&lt;/code&gt;&lt;/pre&gt;

&lt;p&gt;6) Move &lt;code&gt;bosh-init&lt;/code&gt; into the &lt;code&gt;$PATH&lt;/code&gt;.&lt;/p&gt;

&lt;pre&gt;&lt;code&gt;$ sudo mv ~/bosh-init /usr/local/bin/
&lt;/code&gt;&lt;/pre&gt;

&lt;p&gt;7) Check the version.&lt;/p&gt;

&lt;pre&gt;&lt;code&gt;$ bosh-init -v
&lt;/code&gt;&lt;/pre&gt;

&lt;h2 id=&#34;deploy-bosh&#34;&gt;Deploy BOSH&lt;/h2&gt;

&lt;p&gt;1) Review the following resources:&lt;/p&gt;

&lt;ol&gt;
&lt;li&gt;&lt;a target=&#34;_blank&#34; href=&#34;https://bosh.io/docs/using-bosh-init.html&#34;&gt;Using &lt;code&gt;bosh-init&lt;/code&gt;&lt;/a&gt;&lt;/li&gt;
&lt;li&gt;&lt;a target=&#34;_blank&#34; href=&#34;https://bosh.io/docs/init.html&#34;&gt;Intializing an environment&lt;/a&gt;&lt;/li&gt;
&lt;li&gt;&lt;a target=&#34;_blank&#34; href=&#34;https://bosh.io/docs/init-vsphere.html&#34;&gt;Bootstrapping a vSphere environment&lt;/a&gt;&lt;/li&gt;
&lt;/ol&gt;

&lt;p&gt;2) Create a new directory.&lt;/p&gt;

&lt;pre&gt;&lt;code&gt;$ mkdir ~/my-bosh
&lt;/code&gt;&lt;/pre&gt;

&lt;p&gt;3) Change directories.&lt;/p&gt;

&lt;pre&gt;&lt;code&gt;$ cd my-bosh
&lt;/code&gt;&lt;/pre&gt;

&lt;p&gt;4) Using a text editor on your local machine, create a deployment manifest with the following contents and use &lt;em&gt;case sensitive&lt;/em&gt; &lt;code&gt;find/replace&lt;/code&gt; to substitute the variables with the table values below. &lt;strong&gt;Note that [], {}, and other formatting should NOT be changed or removed&lt;/strong&gt;:&lt;/p&gt;

&lt;pre&gt;&lt;code class=&#34;language-yaml&#34;&gt;---
name: bosh

releases:
- name: bosh
  url: https://bosh.io/d/github.com/cloudfoundry/bosh?v=257.3
  sha1: e4442afcc64123e11f2b33cc2be799a0b59207d0
- name: bosh-vsphere-cpi
  url: https://bosh.io/d/github.com/cloudfoundry-incubator/bosh-vsphere-cpi-release?v=26
  sha1: d67b9814d417fdb82092782963142418bf2ebd80

resource_pools:
- name: vms
  network: private
  stemcell:
    url: https://bosh.io/d/stemcells/bosh-vsphere-esxi-ubuntu-trusty-go_agent?v=3262.8
    sha1: 4f8a695988d2a0504d8b61e476c676ea70184da7
  cloud_properties:
    cpu: 2
    ram: 4_096
    disk: 20_000
  env:
    bosh:
      # c1oudc0w is a default password for vcap user
      password: &amp;quot;$6$4gDD3aV0rdqlrKC$2axHCxGKIObs6tAmMTqYCspcdvQXh3JJcvWOY2WGb4SrdXtnCyNaWlrf3WEqvYR2MYizEGp3kMmbpwBC6jsHt0&amp;quot;

disk_pools:
- name: disks
  disk_size: 20_000

networks:
- name: private
  type: manual
  subnets:
  - range: NETWORK-RANGE # CHANGE-ME
    gateway: GATEWAY1 # CHANGE-ME
    dns: [DNS1] # CHANGE-ME
    reserved: [RESERVED-NETWORK] # CHANGE-ME
    cloud_properties: {name: NETWORK-NAME} # CHANGE-ME

jobs:
- name: bosh
  instances: 1

  templates:
  - {name: nats, release: bosh}
  - {name: postgres, release: bosh}
  - {name: blobstore, release: bosh}
  - {name: director, release: bosh}
  - {name: health_monitor, release: bosh}
  - {name: vsphere_cpi, release: bosh-vsphere-cpi}

  resource_pool: vms
  persistent_disk_pool: disks

  networks:
  - {name: private, static_ips: [STATIC-IP1]} # CHANGE-ME

  properties:
    nats:
      address: 127.0.0.1
      user: nats
      password: nats-password

    postgres: &amp;amp;db
      listen_address: 127.0.0.1
      host: 127.0.0.1
      user: postgres
      password: postgres-password
      database: bosh
      adapter: postgres

    blobstore:
      address: STATIC-IP1 # CHANGE-ME
      port: 25250
      provider: dav
      director: {user: director, password: director-password}
      agent: {user: agent, password: agent-password}

    director:
      address: 127.0.0.1
      name: my-bosh
      db: *db
      cpi_job: vsphere_cpi
      user_management:
        provider: local
        local:
          users:
          - {name: admin, password: admin}
          - {name: hm, password: hm-password}

    hm:
      director_account: {user: hm, password: hm-password}
      resurrector_enabled: true

    vcenter: &amp;amp;vcenter
      address: VCENTER-IP # CHANGE-ME
      user: VCENTER-USER # CHANGE-ME
      password: VCENTER-PASSWORD # CHANGE-ME
      datacenters:
      - name: DATACENTER-NAME # CHANGE-ME
        vm_folder: VMS-FOLDER-NAME # CHANGE-ME
        template_folder: TEMPLATES-FOLDER-NAME # CHANGE-ME
        datastore_pattern: DATASTORE-NAME # CHANGE-ME
        persistent_datastore_pattern: DATASTORE-NAME # CHANGE-ME
        disk_path: DISK-FOLDER-NAME # CHANGE-ME
        clusters: [CLUSTER-NAME] # CHANGE-ME

    agent: {mbus: &amp;quot;nats://nats:nats-password@STATIC-IP1:4222&amp;quot;} # CHANGE-ME

    ntp: &amp;amp;ntp [NTP1] # CHANGE-ME

cloud_provider:
  template: {name: vsphere_cpi, release: bosh-vsphere-cpi}

  mbus: &amp;quot;https://mbus:mbus-password@STATIC-IP1:6868&amp;quot; # CHANGE-ME

  properties:
    vcenter: *vcenter
    agent: {mbus: &amp;quot;https://mbus:mbus-password@0.0.0.0:6868&amp;quot;}
    blobstore: {provider: local, path: /var/vcap/micro_bosh/data/cache}
    ntp: *ntp

&lt;/code&gt;&lt;/pre&gt;

&lt;table&gt;
&lt;thead&gt;
&lt;tr&gt;
&lt;th align=&#34;left&#34;&gt;Variable&lt;/th&gt;
&lt;th align=&#34;left&#34;&gt;Value&lt;/th&gt;
&lt;/tr&gt;
&lt;/thead&gt;

&lt;tbody&gt;
&lt;tr&gt;
&lt;td align=&#34;left&#34;&gt;NETWORK-RANGE&lt;/td&gt;
&lt;td align=&#34;left&#34;&gt;10.193.[envSpecific octet].0/24&lt;/td&gt;
&lt;/tr&gt;

&lt;tr&gt;
&lt;td align=&#34;left&#34;&gt;GATEWAY1&lt;/td&gt;
&lt;td align=&#34;left&#34;&gt;10.193.[envSpecific octet].1&lt;/td&gt;
&lt;/tr&gt;

&lt;tr&gt;
&lt;td align=&#34;left&#34;&gt;DNS1&lt;/td&gt;
&lt;td align=&#34;left&#34;&gt;10.193.135.2&lt;/td&gt;
&lt;/tr&gt;

&lt;tr&gt;
&lt;td align=&#34;left&#34;&gt;RESERVED-NETWORK&lt;/td&gt;
&lt;td align=&#34;left&#34;&gt;10.193.[envSpecific octet].0-10.193.[envSpecific octet].150,10.193.[envSpecific octet].245-10.193.[envSpecific octet].255&lt;/td&gt;
&lt;/tr&gt;

&lt;tr&gt;
&lt;td align=&#34;left&#34;&gt;NETWORK-NAME&lt;/td&gt;
&lt;td align=&#34;left&#34;&gt;env[NN]&lt;/td&gt;
&lt;/tr&gt;

&lt;tr&gt;
&lt;td align=&#34;left&#34;&gt;STATIC-IP1&lt;/td&gt;
&lt;td align=&#34;left&#34;&gt;10.193.[envSpecific octet].244&lt;/td&gt;
&lt;/tr&gt;

&lt;tr&gt;
&lt;td align=&#34;left&#34;&gt;VCENTER-IP&lt;/td&gt;
&lt;td align=&#34;left&#34;&gt;10.193.135.13&lt;/td&gt;
&lt;/tr&gt;

&lt;tr&gt;
&lt;td align=&#34;left&#34;&gt;VCENTER-USER&lt;/td&gt;
&lt;td align=&#34;left&#34;&gt;(Provided by your instructor)&lt;/td&gt;
&lt;/tr&gt;

&lt;tr&gt;
&lt;td align=&#34;left&#34;&gt;VCENTER-PASSWORD&lt;/td&gt;
&lt;td align=&#34;left&#34;&gt;(Provided by you instructor)&lt;/td&gt;
&lt;/tr&gt;

&lt;tr&gt;
&lt;td align=&#34;left&#34;&gt;DATACENTER-NAME&lt;/td&gt;
&lt;td align=&#34;left&#34;&gt;Datacenter&lt;/td&gt;
&lt;/tr&gt;

&lt;tr&gt;
&lt;td align=&#34;left&#34;&gt;VMS-FOLDER-NAME&lt;/td&gt;
&lt;td align=&#34;left&#34;&gt;env[NN]-my-bosh-vms&lt;/td&gt;
&lt;/tr&gt;

&lt;tr&gt;
&lt;td align=&#34;left&#34;&gt;TEMPLATES-FOLDER-NAME&lt;/td&gt;
&lt;td align=&#34;left&#34;&gt;env[NN]-my-bosh-templates&lt;/td&gt;
&lt;/tr&gt;

&lt;tr&gt;
&lt;td align=&#34;left&#34;&gt;DATASTORE-NAME&lt;/td&gt;
&lt;td align=&#34;left&#34;&gt;LUN01&lt;/td&gt;
&lt;/tr&gt;

&lt;tr&gt;
&lt;td align=&#34;left&#34;&gt;DISK-FOLDER-NAME&lt;/td&gt;
&lt;td align=&#34;left&#34;&gt;env[NN]-my-bosh-disks&lt;/td&gt;
&lt;/tr&gt;

&lt;tr&gt;
&lt;td align=&#34;left&#34;&gt;CLUSTER-NAME&lt;/td&gt;
&lt;td align=&#34;left&#34;&gt;Cluster&lt;/td&gt;
&lt;/tr&gt;

&lt;tr&gt;
&lt;td align=&#34;left&#34;&gt;NTP1&lt;/td&gt;
&lt;td align=&#34;left&#34;&gt;10.193.135.2&lt;/td&gt;
&lt;/tr&gt;
&lt;/tbody&gt;
&lt;/table&gt;

&lt;p&gt;5) Copy the deployment manifest to a new file in your PuTTY session (&lt;code&gt;~/my-bosh/bosh.yml&lt;/code&gt;)&lt;/p&gt;

&lt;p&gt;6) Deploy BOSH.&lt;/p&gt;

&lt;pre&gt;&lt;code&gt;$ bosh-init deploy ./bosh.yml
&lt;/code&gt;&lt;/pre&gt;

&lt;p&gt;This should take ~40 minutes.&lt;/p&gt;

&lt;p&gt;While waiting you can continue on to install the BOSH CLI.&lt;/p&gt;

&lt;h2 id=&#34;install-the-bosh-cli&#34;&gt;Install the BOSH CLI&lt;/h2&gt;

&lt;p&gt;1) Review the &lt;strong&gt;BOSH CLI&lt;/strong&gt; &lt;a target=&#34;_blank&#34; href=&#34;http://bosh.io/docs/bosh-cli.html&#34;&gt;installation documentation&lt;/a&gt;.&lt;/p&gt;

&lt;p&gt;2) Open a second SSH session to your Ubuntu jumpbox.&lt;/p&gt;

&lt;p&gt;3) Change directories.&lt;/p&gt;

&lt;pre&gt;&lt;code&gt;$ cd my-bosh
&lt;/code&gt;&lt;/pre&gt;

&lt;p&gt;4) Install dependencies.&lt;/p&gt;

&lt;pre&gt;&lt;code&gt;$ sudo apt-get install build-essential ruby ruby-dev libxml2-dev libsqlite3-dev libxslt1-dev libpq-dev libmysqlclient-dev zlib1g-dev
&lt;/code&gt;&lt;/pre&gt;

&lt;p&gt;5) Install the &lt;strong&gt;BOSH CLI&lt;/strong&gt;.&lt;/p&gt;

&lt;pre&gt;&lt;code&gt;$ sudo gem install bosh_cli --no-ri --no-rdoc
&lt;/code&gt;&lt;/pre&gt;

&lt;p&gt;At this point you will have to pause and wait until your BOSH instance has been fully deployed, before continuing on with using the CLI to connect and interact with it.&lt;/p&gt;

&lt;h3 id=&#34;questions&#34;&gt;Questions&lt;/h3&gt;

&lt;ul&gt;
&lt;li&gt;At the end of this section what have we accomplished so far?&lt;/li&gt;
&lt;li&gt;How many VMs have been created as a result of the &lt;code&gt;deploy&lt;/code&gt;?&lt;/li&gt;
&lt;li&gt;What file does &lt;code&gt;bosh-init&lt;/code&gt; use to record the state of the deployment?&lt;/li&gt;
&lt;/ul&gt;

&lt;h2 id=&#34;explore-your-bosh-installation&#34;&gt;Explore your BOSH installation&lt;/h2&gt;

&lt;p&gt;1) Target the Bosh Director.&lt;/p&gt;

&lt;pre&gt;&lt;code&gt;$ bosh target 10.193.[envSpecfic octect].244
&lt;/code&gt;&lt;/pre&gt;

&lt;p&gt;2) Login.&lt;/p&gt;

&lt;p&gt;Username: &lt;code&gt;admin&lt;/code&gt;&lt;br&gt;
Password: &lt;code&gt;admin&lt;/code&gt;&lt;br&gt;&lt;/p&gt;

&lt;pre&gt;&lt;code&gt;$ bosh login
&lt;/code&gt;&lt;/pre&gt;

&lt;p&gt;3) View the status.&lt;/p&gt;

&lt;pre&gt;&lt;code&gt;$ bosh status
&lt;/code&gt;&lt;/pre&gt;

&lt;p&gt;4) View the deployments.&lt;/p&gt;

&lt;pre&gt;&lt;code&gt;$ bosh deployments
&lt;/code&gt;&lt;/pre&gt;

&lt;p&gt;5) From your PuTTY session, SSH to the BOSH Director that you have deployed. For example:&lt;/p&gt;

&lt;p&gt;&lt;code&gt;$ ssh vcap@10.193.[envSpecfic octect].244&lt;/code&gt;&lt;/p&gt;

&lt;p&gt;Login using password &lt;code&gt;c1oudc0w&lt;/code&gt;&lt;/p&gt;

&lt;p&gt;(note that the username and password are noted in the comments in your &lt;code&gt;bosh.yml&lt;/code&gt; file.  Outside the context of this course, this password should be changed to be more secure)&lt;/p&gt;

&lt;p&gt;6) Switch to &lt;code&gt;root&lt;/code&gt;.&lt;/p&gt;

&lt;pre&gt;&lt;code&gt;$ sudo -i
&lt;/code&gt;&lt;/pre&gt;

&lt;p&gt;7) Look at the monit summary for your director.&lt;/p&gt;

&lt;p&gt;&lt;code&gt;$ monit summary&lt;/code&gt;&lt;/p&gt;

&lt;h3 id=&#34;questions-1&#34;&gt;Questions&lt;/h3&gt;

&lt;ul&gt;
&lt;li&gt;What capabilities does your BOSH CLI have in common with Ops Manager?&lt;/li&gt;
&lt;/ul&gt;

&lt;p&gt;&lt;strong&gt;Congratulations!&lt;/strong&gt;  You deployed BOSH.&lt;/p&gt;
</description>
    </item>
    
    <item>
      <title>Deploy BOSH Instructor Notes</title>
      <link>/pivotal-cloud-foundry-administrator/deploy-bosh/notes/</link>
      <pubDate>Wed, 20 Jul 2016 09:18:50 -0500</pubDate>
      
      <guid>/pivotal-cloud-foundry-administrator/deploy-bosh/notes/</guid>
      <description>

&lt;h1 id=&#34;what-students-should-know&#34;&gt;What students should know&lt;/h1&gt;

&lt;p&gt;Students should know how to deploy BOSH using &lt;code&gt;bosh-init&lt;/code&gt;.  They should grasp that they just deployed the BOSH Director and other components and can issue commands with the &lt;code&gt;bosh&lt;/code&gt; CLI.&lt;/p&gt;

&lt;h1 id=&#34;questions&#34;&gt;Questions&lt;/h1&gt;

&lt;p&gt;After completing the lab recap, review the following questions as a class:&lt;/p&gt;

&lt;h2 id=&#34;general-discussion-questions&#34;&gt;General Discussion Questions&lt;/h2&gt;

&lt;p&gt;&lt;strong&gt;Q:&lt;/strong&gt; __ &lt;br&gt;
&lt;strong&gt;A:&lt;/strong&gt;&lt;/p&gt;

&lt;h2 id=&#34;questions-from-the-lab&#34;&gt;Questions From the Lab&lt;/h2&gt;

&lt;p&gt;&lt;strong&gt;Q:&lt;/strong&gt; &lt;em&gt;At the end of this section (Deploying BOSH) what have we accomplished so far?&lt;/em&gt;&lt;br&gt;
&lt;strong&gt;A:&lt;/strong&gt; BOSH has been deployed, meaning the BOSH Director, Health Monitor, etc.  We have also installed the BOSH CLI.&lt;/p&gt;

&lt;p&gt;&lt;strong&gt;Q:&lt;/strong&gt; &lt;em&gt;How many VMs have been created as a result of the deploy?&lt;/em&gt;&lt;br&gt;
&lt;strong&gt;A:&lt;/strong&gt; One.  All parts of the BOSH architecture (Director, Health Monitor, Blobstore, etc.) are running as processes within that VM.&lt;/p&gt;

&lt;p&gt;&lt;strong&gt;Q:&lt;/strong&gt; &lt;em&gt;What file does bosh-init use to record the state of the deployment?&lt;/em&gt;&lt;br&gt;
&lt;strong&gt;A:&lt;/strong&gt; &lt;code&gt;&amp;lt;manifest&amp;gt;-state.json&lt;/code&gt;  In our example, this is &lt;code&gt;bosh-state.json&lt;/code&gt;.&lt;/p&gt;

&lt;p&gt;&lt;strong&gt;Q:&lt;/strong&gt; &lt;em&gt;What capabilites does your BOSH CLI have in common with Ops Manager?&lt;/em&gt;&lt;br&gt;
&lt;strong&gt;A:&lt;/strong&gt; Our BOSH CLI provides us with a means of deploying VMs and and installing stemcells and releases on those VMs.&lt;/p&gt;

&lt;h1 id=&#34;troubleshooting&#34;&gt;Troubleshooting&lt;/h1&gt;

&lt;p&gt;Student mistakes are most likely to happen in editing the YAML files. This is why the lab recommends a &lt;code&gt;find/replace&lt;/code&gt; approach to changing variables. If students don&amp;rsquo;t use this approach, errors frequently occur around missed symbols ([], {}) and missed variables (especially in the mid-url use of STATIC-IP). In order to avoid these issues, consider emphasizing prior to the lab that students should use find replace.&lt;/p&gt;

&lt;h1 id=&#34;feedback&#34;&gt;Feedback&lt;/h1&gt;

&lt;p&gt;Please keep track of all types of feedback, so that we can make this module great.  That includes questions that students may ask that we should be answering up front, lab corrections/improvements, etc.&lt;/p&gt;

&lt;p&gt;Submit feedback to: &lt;a href=&#34;mailto:pcf-administrator-instructor-feedback@pivotal.io&#34;&gt;pcf-administrator-instructor-feedback@pivotal.io&lt;/a&gt;&lt;/p&gt;
</description>
    </item>
    
  </channel>
</rss>